DZ2021_code,DZ2021_name,X,Y
N20000001,Dunsilly_A1,316930,394729
N20000002,Dunsilly_B1,326179,395176
N20000003,Dunsilly_A2,306354,393894
N20000004,Dunsilly_A3,311476,394039
N20000005,Dunsilly_B2,321590,393387
N20000006,Dunsilly_A4,313051,392754
N20000007,Dunsilly_C1,300824,392832
N20000008,Dunsilly_A5,308643,391973
N20000009,Dunsilly_A6,304801,392098
N20000010,Dunsilly_B3,318959,391582
N20000011,Dunsilly_D1,308050,391136
N20000012,Dunsilly_D2,307834,391002
N20000013,Dunsilly_F1,313767,390717
N20000014,Dunsilly_D3,307695,390572
N20000015,Dunsilly_C2,299216,390321
N20000016,Dunsilly_E1,308490,390476
N20000017,Dunsilly_E2,308828,390396
N20000018,Dunsilly_E3,309183,390378
N20000019,Dunsilly_D4,308115,390441
N20000020,Dunsilly_D5,307764,390155
N20000021,Dunsilly_E4,309140,390108
N20000022,Dunsilly_C3,299578,390213
N20000023,Dunsilly_D6,307691,389823
N20000024,Dunsilly_C4,300692,389077
N20000025,Dunsilly_F2,313616,389011
N20000026,Dunsilly_B4,323184,389408
N20000027,Dunsilly_F3,313779,388978
N20000028,Dunsilly_F4,305240,389424
N20000029,Dunsilly_F5,311595,389406
N20000030,Dunsilly_B5,320934,387915
N20000031,Dunsilly_B6,322802,387826
N20000032,Dunsilly_F6,306622,386992
N20000033,Dunsilly_F7,300868,386981
N20000034,Dunsilly_F8,304488,386389
N20000035,Antrim_A1,314520,388700
N20000036,Antrim_A2,314899,389166
N20000037,Antrim_A3,314791,388844
N20000038,Antrim_B1,316654,387810
N20000039,Antrim_B2,315108,388407
N20000040,Antrim_A4,314706,388474
N20000041,Antrim_C1,314719,388200
N20000042,Antrim_B3,316172,388297
N20000043,Antrim_D1,315145,387989
N20000044,Antrim_C2,313998,387548
N20000045,Antrim_C3,314805,387654
N20000046,Antrim_D2,315881,387662
N20000047,Antrim_D3,315615,387671
N20000048,Antrim_C4,314445,387506
N20000049,Antrim_G1,314969,387344
N20000050,Antrim_E1,316098,387469
N20000051,Antrim_F1,317115,387191
N20000052,Antrim_F2,317641,386408
N20000053,Antrim_E2,316569,387193
N20000054,Antrim_D4,315759,387483
N20000055,Antrim_E3,315962,387148
N20000056,Antrim_E4,316315,387037
N20000057,Antrim_G2,315016,387033
N20000058,Antrim_H1,315805,386964
N20000059,Antrim_F3,316765,386897
N20000060,Antrim_J1,316285,386808
N20000061,Antrim_H2,315958,386825
N20000062,Antrim_H3,315652,386730
N20000063,Antrim_G3,314973,386425
N20000064,Antrim_J2,316587,386549
N20000065,Antrim_J3,316276,386438
N20000066,Antrim_K1,317019,386414
N20000067,Antrim_K2,316860,386317
N20000068,Antrim_G4,315285,386360
N20000069,Antrim_L1,315531,386194
N20000070,Antrim_J4,316460,386207
N20000071,Antrim_G5,315099,386197
N20000072,Antrim_L2,315941,386224
N20000073,Antrim_F4,317510,386070
N20000074,Antrim_K3,317002,385991
N20000075,Antrim_L3,315291,385991
N20000076,Antrim_N1,314922,385994
N20000077,Antrim_N2,314639,385913
N20000078,Antrim_F5,317443,385856
N20000079,Antrim_K4,317184,385847
N20000080,Antrim_J5,316587,385931
N20000081,Antrim_N3,314523,385755
N20000082,Antrim_K5,317008,385745
N20000083,Antrim_N4,314738,385705
N20000084,Antrim_N5,314510,386356
N20000085,Antrim_L4,315589,385916
N20000086,Ballyclare_F1,331735,393796
N20000087,Ballyclare_A1,327607,393223
N20000088,Ballyclare_F2,332148,393450
N20000089,Ballyclare_F3,333799,391911
N20000090,Ballyclare_B1,328407,392405
N20000091,Ballyclare_A2,325501,392132
N20000092,Ballyclare_B2,328718,392098
N20000093,Ballyclare_B3,328486,392076
N20000094,Ballyclare_B4,328055,391875
N20000095,Ballyclare_C1,328502,391798
N20000096,Ballyclare_A3,325744,391822
N20000097,Ballyclare_B5,328172,391608
N20000098,Ballyclare_D1,329027,391547
N20000099,Ballyclare_A4,325295,391862
N20000100,Ballyclare_F4,330456,391808
N20000101,Ballyclare_D2,329826,391563
N20000102,Ballyclare_D3,329594,391433
N20000103,Ballyclare_C2,328628,391488
N20000104,Ballyclare_C3,328027,391235
N20000105,Ballyclare_C4,328291,391175
N20000106,Ballyclare_D4,329492,391196
N20000107,Ballyclare_D5,329185,391063
N20000108,Ballyclare_C5,328524,391045
N20000109,Ballyclare_E1,327870,390973
N20000110,Ballyclare_E2,327816,390578
N20000111,Ballyclare_E3,328160,390779
N20000112,Ballyclare_C6,328484,390780
N20000113,Ballyclare_D6,329088,390732
N20000114,Ballyclare_E4,328080,390575
N20000115,Ballyclare_E5,328379,390310
N20000116,Ballyclare_G1,325976,389982
N20000117,Ballyclare_G2,325964,389760
N20000118,Ballyclare_G3,326324,389443
N20000119,Ballyclare_G4,325993,389414
N20000120,Ballyclare_H1,329208,389120
N20000121,Ballyclare_F5,333021,388172
N20000122,Ballyclare_H2,328009,387496
N20000123,Ballyclare_H3,328628,387481
N20000124,Three_Mile_Water_A1,330384,386221
N20000125,Three_Mile_Water_B1,334306,385289
N20000126,Three_Mile_Water_C1,335055,385070
N20000127,Three_Mile_Water_A2,331986,384967
N20000128,Three_Mile_Water_C2,334890,384866
N20000129,Three_Mile_Water_A3,331690,384544
N20000130,Three_Mile_Water_D1,332309,384747
N20000131,Three_Mile_Water_A4,331978,384796
N20000132,Three_Mile_Water_E1,336045,384821
N20000133,Three_Mile_Water_C3,334764,384760
N20000134,Three_Mile_Water_E2,335422,384726
N20000135,Three_Mile_Water_D2,332685,384607
N20000136,Three_Mile_Water_D3,333070,384642
N20000137,Three_Mile_Water_B2,334223,384619
N20000138,Three_Mile_Water_K1,334537,384562
N20000139,Three_Mile_Water_B3,333606,384497
N20000140,Three_Mile_Water_G1,336588,384268
N20000141,Three_Mile_Water_A5,331216,384457
N20000142,Three_Mile_Water_F1,333160,384451
N20000143,Three_Mile_Water_E3,335624,384456
N20000144,Three_Mile_Water_D4,332437,384369
N20000145,Three_Mile_Water_F2,333388,384346
N20000146,Three_Mile_Water_J1,334915,384324
N20000147,Three_Mile_Water_F3,333574,384297
N20000148,Three_Mile_Water_H1,332856,384212
N20000149,Three_Mile_Water_E4,335407,384188
N20000150,Three_Mile_Water_J2,335070,384171
N20000151,Three_Mile_Water_H2,332560,384184
N20000152,Three_Mile_Water_G2,336979,384049
N20000153,Three_Mile_Water_K2,334492,384259
N20000154,Three_Mile_Water_F4,333214,384137
N20000155,Three_Mile_Water_J3,334974,384038
N20000156,Three_Mile_Water_H3,332846,383953
N20000157,Three_Mile_Water_H4,332480,383884
N20000158,Three_Mile_Water_G3,335959,383842
N20000159,Three_Mile_Water_J4,335173,383908
N20000160,Three_Mile_Water_G4,335429,383791
N20000161,Three_Mile_Water_K3,334996,383430
N20000162,Three_Mile_Water_G5,336189,383577
N20000163,Three_Mile_Water_K4,334984,383268
N20000164,Macedon_A1,332785,383670
N20000165,Macedon_A2,334212,383459
N20000166,Macedon_B1,335927,383411
N20000167,Macedon_B2,335775,383243
N20000168,Macedon_C1,334740,383147
N20000169,Macedon_B3,335591,383163
N20000170,Macedon_C2,334590,383067
N20000171,Macedon_C3,335063,383008
N20000172,Macedon_B4,335488,382976
N20000173,Macedon_A3,332505,383021
N20000174,Macedon_D1,334389,382778
N20000175,Macedon_C4,334962,382811
N20000176,Macedon_C5,334746,382763
N20000177,Macedon_B5,335657,382780
N20000178,Macedon_E1,335400,382635
N20000179,Macedon_E2,334997,382610
N20000180,Macedon_D2,334201,382528
N20000181,Macedon_F1,334329,382283
N20000182,Macedon_D3,333999,382162
N20000183,Macedon_F2,334583,382193
N20000184,Macedon_F3,334373,382095
N20000185,Macedon_E3,334809,382088
N20000186,Macedon_H1,335367,382070
N20000187,Macedon_F4,334355,381956
N20000188,Macedon_H2,335376,381732
N20000189,Macedon_J1,333662,381934
N20000190,Macedon_G1,333889,381781
N20000191,Macedon_E4,335004,381801
N20000192,Macedon_G2,334239,381864
N20000193,Macedon_G3,334339,381757
N20000194,Macedon_K1,334617,381530
N20000195,Macedon_G4,334003,381556
N20000196,Macedon_J2,333716,381490
N20000197,Macedon_K2,334674,381462
N20000198,Macedon_K3,334948,381497
N20000199,Macedon_G5,334254,381344
N20000200,Macedon_K4,334697,381319
N20000201,Macedon_J3,333464,381395
N20000202,Macedon_K5,334569,381136
N20000203,Macedon_J4,334204,381056
N20000204,Macedon_J5,334326,380888
N20000205,Macedon_H3,334645,380753
N20000206,Macedon_H4,334986,380826
N20000207,Macedon_L1,333742,380557
N20000208,Macedon_L2,333952,380493
N20000209,Macedon_L3,333921,380275
N20000210,Macedon_L4,334212,380103
N20000211,Glengormley_Urban_C1,330970,384262
N20000212,Glengormley_Urban_A1,331484,384203
N20000213,Glengormley_Urban_A2,331609,384101
N20000214,Glengormley_Urban_B1,332234,384082
N20000215,Glengormley_Urban_C2,330847,383965
N20000216,Glengormley_Urban_B2,332060,383933
N20000217,Glengormley_Urban_A3,331234,383837
N20000218,Glengormley_Urban_B3,331657,383759
N20000219,Glengormley_Urban_C3,330790,383615
N20000220,Glengormley_Urban_B4,332065,383658
N20000221,Glengormley_Urban_D1,331568,383426
N20000222,Glengormley_Urban_E1,331064,383387
N20000223,Glengormley_Urban_D2,331941,383351
N20000224,Glengormley_Urban_B5,332178,383315
N20000225,Glengormley_Urban_E2,331272,383309
N20000226,Glengormley_Urban_D3,331748,383291
N20000227,Glengormley_Urban_C4,330731,383105
N20000228,Glengormley_Urban_E3,331208,383158
N20000229,Glengormley_Urban_E4,331698,383029
N20000230,Glengormley_Urban_D4,331880,383023
N20000231,Glengormley_Urban_F1,332242,382889
N20000232,Glengormley_Urban_G1,331022,382821
N20000233,Glengormley_Urban_F2,332068,382743
N20000234,Glengormley_Urban_G2,330739,382749
N20000235,Glengormley_Urban_G3,331281,382664
N20000236,Glengormley_Urban_H1,331488,382577
N20000237,Glengormley_Urban_H2,331738,382702
N20000238,Glengormley_Urban_F3,332322,382548
N20000239,Glengormley_Urban_G4,330971,382549
N20000240,Glengormley_Urban_F4,332035,382474
N20000241,Glengormley_Urban_G5,331183,382383
N20000242,Glengormley_Urban_H3,331471,382329
N20000243,Glengormley_Urban_J1,332164,382198
N20000244,Glengormley_Urban_J2,332586,382152
N20000245,Glengormley_Urban_J3,332421,382105
N20000246,Glengormley_Urban_K1,332015,381925
N20000247,Glengormley_Urban_K2,331624,382041
N20000248,Glengormley_Urban_L1,331397,382199
N20000249,Glengormley_Urban_J4,332333,381931
N20000250,Glengormley_Urban_J5,332543,381872
N20000251,Glengormley_Urban_L2,330613,381717
N20000252,Glengormley_Urban_L3,331407,381711
N20000253,Glengormley_Urban_K3,331711,381604
N20000254,Glengormley_Urban_K4,332047,381488
N20000255,Glengormley_Urban_L4,330675,381435
N20000256,Glengormley_Urban_L5,330341,381436
N20000257,Airport_A1,323208,385581
N20000258,Airport_B1,319711,385759
N20000259,Airport_A2,322376,385252
N20000260,Airport_A3,323224,385046
N20000261,Airport_C1,323214,383766
N20000262,Airport_C2,328239,384879
N20000263,Airport_B2,319278,385039
N20000264,Airport_B3,317166,385196
N20000265,Airport_D1,328576,383143
N20000266,Airport_C3,326832,383556
N20000267,Airport_D2,329709,383342
N20000268,Airport_F1,314242,382476
N20000269,Airport_D3,328734,382915
N20000270,Airport_E1,330063,382083
N20000271,Airport_D4,329307,382090
N20000272,Airport_E2,329550,382180
N20000273,Airport_E3,330365,381895
N20000274,Airport_G1,319328,381881
N20000275,Airport_E4,329578,381947
N20000276,Airport_E5,329838,381866
N20000277,Airport_E6,330278,381744
N20000278,Airport_C4,325776,381067
N20000279,Airport_F2,315246,379622
N20000280,Airport_G2,322556,379631
N20000281,Airport_G3,317884,378683
N20000282,Airport_F3,311639,376748
N20000283,Airport_H1,315702,376531
N20000284,Airport_H2,314980,376323
N20000285,Airport_G4,320897,376543
N20000286,Airport_J1,315739,376145
N20000287,Airport_H3,314513,376173
N20000288,Airport_H4,314956,376140
N20000289,Airport_J2,315335,375933
N20000290,Airport_H5,314709,376002
N20000291,Airport_J3,315659,375874
N20000292,Airport_J4,315976,375847
N20000293,Airport_F4,313688,376407
N20000294,Airport_J5,314904,375615
N20000295,Armagh_A1,286320,355572
N20000296,Armagh_A2,287579,353743
N20000297,Armagh_A3,284400,352450
N20000298,Armagh_A4,286631,351231
N20000299,Armagh_E1,279707,350633
N20000300,Armagh_A5,284522,349699
N20000301,Armagh_E2,281656,349473
N20000302,Armagh_A6,286998,348317
N20000303,Armagh_C1,287120,346587
N20000304,Armagh_C2,288262,346537
N20000305,Armagh_E3,280019,345668
N20000306,Armagh_B1,288983,346423
N20000307,Armagh_B2,289453,346299
N20000308,Armagh_C3,287533,346203
N20000309,Armagh_D1,287009,346162
N20000310,Armagh_J1,283473,346034
N20000311,Armagh_B3,289040,345813
N20000312,Armagh_D2,286698,345829
N20000313,Armagh_F1,287423,345667
N20000314,Armagh_B4,288710,345540
N20000315,Armagh_C4,288050,345463
N20000316,Armagh_D3,286290,345546
N20000317,Armagh_D4,286522,345116
N20000318,Armagh_D5,287065,345365
N20000319,Armagh_F2,287486,345193
N20000320,Armagh_F3,288055,345106
N20000321,Armagh_F4,287198,345003
N20000322,Armagh_D6,286292,344989
N20000323,Armagh_F5,287401,344972
N20000324,Armagh_C5,288492,344908
N20000325,Armagh_G1,288208,344928
N20000326,Armagh_C6,288768,344917
N20000327,Armagh_F6,286954,344696
N20000328,Armagh_G2,288479,344555
N20000329,Armagh_G3,286729,344509
N20000330,Armagh_G4,287041,344334
N20000331,Armagh_G5,287282,343850
N20000332,Armagh_H1,288795,344175
N20000333,Armagh_H2,289184,344048
N20000334,Armagh_H3,288912,343825
N20000335,Armagh_G6,287014,343425
N20000336,Armagh_H4,288603,343446
N20000337,Armagh_H5,288822,343267
N20000338,Armagh_J2,281640,342980
N20000339,Armagh_J3,286551,343422
N20000340,Armagh_E4,276738,343095
N20000341,Armagh_J4,285202,342748
N20000342,Armagh_E5,275576,338823
N20000343,Armagh_J5,286066,339773
N20000344,Armagh_K1,280532,339055
N20000345,Armagh_J6,283086,338888
N20000346,Armagh_K2,278340,337297
N20000347,Armagh_K3,276079,335962
N20000348,Armagh_L1,284357,334398
N20000349,Armagh_L2,284691,334662
N20000350,Armagh_L3,285013,333879
N20000351,Armagh_L4,284226,333979
N20000352,Armagh_L5,284644,333893
N20000353,Armagh_K4,283638,332045
N20000354,Armagh_K5,282214,331786
N20000355,Armagh_K6,279652,331083
N20000356,Portadown_A1,292750,362317
N20000357,Portadown_A2,289636,361832
N20000358,Portadown_B1,295201,360602
N20000359,Portadown_A3,294116,360585
N20000360,Portadown_B2,297416,360685
N20000361,Portadown_A4,288410,359561
N20000362,Portadown_A5,291393,358132
N20000363,Portadown_B3,293336,358010
N20000364,Portadown_B4,297943,357695
N20000365,Portadown_B5,299807,357153
N20000366,Portadown_B6,295774,356999
N20000367,Portadown_J1,291860,356169
N20000368,Portadown_R1,296544,355658
N20000369,Portadown_J2,290227,355775
N20000370,Portadown_C1,300524,355339
N20000371,Portadown_D1,300376,355173
N20000372,Portadown_C2,299674,355066
N20000373,Portadown_D2,300544,354999
N20000374,Portadown_C3,300096,354874
N20000375,Portadown_D3,300649,354754
N20000376,Portadown_D4,300228,354748
N20000377,Portadown_F1,301742,354416
N20000378,Portadown_E1,300477,354531
N20000379,Portadown_D5,300942,354507
N20000380,Portadown_C4,299658,354820
N20000381,Portadown_E2,300606,354381
N20000382,Portadown_E3,300203,354283
N20000383,Portadown_R2,296263,354373
N20000384,Portadown_H1,302150,354192
N20000385,Portadown_G1,299953,354163
N20000386,Portadown_E4,300906,354060
N20000387,Portadown_G2,300353,353864
N20000388,Portadown_G3,299867,353960
N20000389,Portadown_K1,299548,353893
N20000390,Portadown_G4,299773,353823
N20000391,Portadown_G5,300350,353738
N20000392,Portadown_H2,302482,353770
N20000393,Portadown_F2,301508,354093
N20000394,Portadown_G6,299962,353701
N20000395,Portadown_F3,301142,353541
N20000396,Portadown_K2,300495,353513
N20000397,Portadown_H3,302101,353519
N20000398,Portadown_L1,300696,353553
N20000399,Portadown_K3,300342,353423
N20000400,Portadown_L2,300953,353363
N20000401,Portadown_J3,293433,352703
N20000402,Portadown_K4,299799,353495
N20000403,Portadown_L3,301055,353192
N20000404,Portadown_N1,300361,353032
N20000405,Portadown_N2,300837,353017
N20000406,Portadown_P1,299937,352900
N20000407,Portadown_N3,300476,352786
N20000408,Portadown_J4,290709,352207
N20000409,Portadown_P2,300087,352657
N20000410,Portadown_P3,299987,352695
N20000411,Portadown_L4,301235,352701
N20000412,Portadown_P4,300151,352372
N20000413,Portadown_Q1,300564,351898
N20000414,Portadown_Q2,301223,352014
N20000415,Portadown_Q3,301411,352025
N20000416,Portadown_R3,296112,351806
N20000417,Portadown_Q4,300148,351896
N20000418,Portadown_J5,291336,351067
N20000419,Portadown_R4,299595,350900
N20000420,Portadown_R5,302419,350015
N20000421,Craigavon_A1,298629,362774
N20000422,Craigavon_A2,301011,362278
N20000423,Craigavon_A3,302127,360252
N20000424,Craigavon_A4,303330,359833
N20000425,Craigavon_B1,306549,359322
N20000426,Craigavon_B2,305666,359025
N20000427,Craigavon_B3,304989,359036
N20000428,Craigavon_B4,304793,358630
N20000429,Craigavon_B5,306207,357332
N20000430,Craigavon_C1,303197,357664
N20000431,Craigavon_E1,306588,357141
N20000432,Craigavon_E2,306738,356908
N20000433,Craigavon_C2,304463,357241
N20000434,Craigavon_D1,305221,356714
N20000435,Craigavon_D2,305902,356645
N20000436,Craigavon_F1,303818,356595
N20000437,Craigavon_D3,305526,356459
N20000438,Craigavon_F2,304031,356395
N20000439,Craigavon_E3,306786,356465
N20000440,Craigavon_C3,304545,356228
N20000441,Craigavon_C4,305099,356479
N20000442,Craigavon_E4,305918,356101
N20000443,Craigavon_F3,303161,356155
N20000444,Craigavon_F4,304618,356030
N20000445,Craigavon_E5,305639,356099
N20000446,Craigavon_J1,302739,355839
N20000447,Craigavon_F5,303977,356171
N20000448,Craigavon_G1,306506,355752
N20000449,Craigavon_G2,306287,355724
N20000450,Craigavon_H1,302135,355252
N20000451,Craigavon_J2,303011,355650
N20000452,Craigavon_G3,306544,355534
N20000453,Craigavon_G4,306096,355379
N20000454,Craigavon_G5,306301,355385
N20000455,Craigavon_F6,303562,355123
N20000456,Craigavon_H2,302562,355387
N20000457,Craigavon_J3,303073,355015
N20000458,Craigavon_L1,307224,354560
N20000459,Craigavon_H3,302191,354964
N20000460,Craigavon_H4,302639,354624
N20000461,Craigavon_J4,303430,354715
N20000462,Craigavon_N1,303020,354225
N20000463,Craigavon_K1,302652,354242
N20000464,Craigavon_N2,303431,354238
N20000465,Craigavon_L2,307252,354153
N20000466,Craigavon_K2,302584,354050
N20000467,Craigavon_L3,307254,353917
N20000468,Craigavon_K3,302798,353924
N20000469,Craigavon_P1,303793,352816
N20000470,Craigavon_N3,302887,353716
N20000471,Craigavon_N4,302741,353314
N20000472,Craigavon_N5,302470,353361
N20000473,Craigavon_L4,307546,353428
N20000474,Craigavon_P2,305333,352739
N20000475,Craigavon_P3,303638,352196
N20000476,Lurgan_A1,309707,367704
N20000477,Lurgan_B1,308069,365972
N20000478,Lurgan_A2,310702,364864
N20000479,Lurgan_A3,310627,363814
N20000480,Lurgan_A4,310385,363311
N20000481,Lurgan_B2,308265,362216
N20000482,Lurgan_A5,311282,362689
N20000483,Lurgan_C1,307656,359921
N20000484,Lurgan_C2,306879,360295
N20000485,Lurgan_D1,308275,360140
N20000486,Lurgan_D2,309109,359996
N20000487,Lurgan_C3,307956,359964
N20000488,Lurgan_B3,310543,359421
N20000489,Lurgan_D3,308530,359885
N20000490,Lurgan_E1,308703,359672
N20000491,Lurgan_E2,308247,359636
N20000492,Lurgan_E3,307983,359603
N20000493,Lurgan_C4,307485,359518
N20000494,Lurgan_E4,308411,359440
N20000495,Lurgan_D4,309156,359483
N20000496,Lurgan_F1,307359,359084
N20000497,Lurgan_F2,306681,359231
N20000498,Lurgan_E5,308002,359154
N20000499,Lurgan_D5,308879,359536
N20000500,Lurgan_F3,307623,359095
N20000501,Lurgan_H1,313234,359014
N20000502,Lurgan_H2,312726,358922
N20000503,Lurgan_G1,308439,359074
N20000504,Lurgan_F4,307525,358984
N20000505,Lurgan_G2,308149,358959
N20000506,Lurgan_G3,307852,358865
N20000507,Lurgan_H3,313112,358695
N20000508,Lurgan_F5,307599,358642
N20000509,Lurgan_G4,307744,358569
N20000510,Lurgan_J1,310663,358563
N20000511,Lurgan_F6,307347,358566
N20000512,Lurgan_K1,308279,358636
N20000513,Lurgan_H4,312742,358603
N20000514,Lurgan_P1,309598,358263
N20000515,Lurgan_K2,308403,358031
N20000516,Lurgan_L1,307677,358345
N20000517,Lurgan_J2,310668,358260
N20000518,Lurgan_J3,310944,358204
N20000519,Lurgan_K3,308680,358014
N20000520,Lurgan_J4,310308,358200
N20000521,Lurgan_B4,312518,358001
N20000522,Lurgan_N1,307176,357983
N20000523,Lurgan_P2,309321,357961
N20000524,Lurgan_L2,307633,358112
N20000525,Lurgan_L3,307935,357941
N20000526,Lurgan_K4,308865,357960
N20000527,Lurgan_Q1,308146,357797
N20000528,Lurgan_R1,307327,357802
N20000529,Lurgan_P3,309116,357776
N20000530,Lurgan_N2,306676,357688
N20000531,Lurgan_P4,309565,357997
N20000532,Lurgan_R2,307308,357662
N20000533,Lurgan_P5,309364,357620
N20000534,Lurgan_Q2,307990,357581
N20000535,Lurgan_N3,306498,357550
N20000536,Lurgan_R3,307552,357520
N20000537,Lurgan_S1,308798,357486
N20000538,Lurgan_N4,306797,357503
N20000539,Lurgan_Q3,308291,357423
N20000540,Lurgan_Q4,308118,357406
N20000541,Lurgan_R4,307311,357424
N20000542,Lurgan_S2,309067,357295
N20000543,Lurgan_R5,307099,357509
N20000544,Lurgan_T1,307828,357265
N20000545,Lurgan_S3,309189,357128
N20000546,Lurgan_T2,308013,357060
N20000547,Lurgan_S4,308597,357199
N20000548,Lurgan_T3,308274,357035
N20000549,Lurgan_S5,308837,356862
N20000550,Lurgan_T4,308280,356684
N20000551,Lagan_River_C1,311601,356520
N20000552,Lagan_River_A1,310315,355871
N20000553,Lagan_River_G1,309332,356406
N20000554,Lagan_River_A2,309863,355803
N20000555,Lagan_River_A3,310816,355512
N20000556,Lagan_River_A4,310470,355551
N20000557,Lagan_River_B1,310699,355335
N20000558,Lagan_River_B2,310257,355330
N20000559,Lagan_River_C2,312113,354749
N20000560,Lagan_River_J1,318256,354710
N20000561,Lagan_River_B3,310764,354723
N20000562,Lagan_River_C3,314978,354408
N20000563,Lagan_River_K1,321364,354106
N20000564,Lagan_River_E1,312956,353880
N20000565,Lagan_River_D1,320798,353873
N20000566,Lagan_River_F1,320307,353761
N20000567,Lagan_River_E2,313200,353836
N20000568,Lagan_River_D2,321070,353692
N20000569,Lagan_River_G2,308486,353814
N20000570,Lagan_River_F2,320165,353532
N20000571,Lagan_River_D3,320607,353527
N20000572,Lagan_River_E3,313155,353342
N20000573,Lagan_River_F3,319843,353137
N20000574,Lagan_River_F4,320129,352933
N20000575,Lagan_River_F5,320536,352923
N20000576,Lagan_River_H1,320103,352641
N20000577,Lagan_River_H2,320500,352614
N20000578,Lagan_River_H3,319492,352730
N20000579,Lagan_River_J2,316838,351931
N20000580,Lagan_River_G3,311019,352226
N20000581,Lagan_River_G4,314200,351776
N20000582,Lagan_River_K2,324057,350935
N20000583,Lagan_River_K3,321052,351061
N20000584,Lagan_River_L1,325144,349981
N20000585,Lagan_River_J3,313670,349848
N20000586,Lagan_River_J4,316310,349621
N20000587,Lagan_River_L2,325385,349660
N20000588,Lagan_River_K4,319339,348824
N20000589,Lagan_River_N1,323355,348349
N20000590,Lagan_River_N2,326594,347421
N20000591,Lagan_River_N3,324131,345195
N20000592,Lagan_River_N4,320833,344902
N20000593,Lagan_River_N5,322593,341762
N20000594,Banbridge_A1,306593,351220
N20000595,Banbridge_A2,307451,349317
N20000596,Banbridge_A3,309981,349347
N20000597,Banbridge_A4,310123,349508
N20000598,Banbridge_B1,306289,348977
N20000599,Banbridge_A5,311246,348705
N20000600,Banbridge_B2,306810,348742
N20000601,Banbridge_B3,306541,348509
N20000602,Banbridge_B4,306507,348025
N20000603,Banbridge_D1,311984,347761
N20000604,Banbridge_C1,312205,347323
N20000605,Banbridge_F1,309966,347177
N20000606,Banbridge_F2,308670,347288
N20000607,Banbridge_D2,311922,346821
N20000608,Banbridge_C2,313237,346757
N20000609,Banbridge_C3,313594,346814
N20000610,Banbridge_C4,312424,346818
N20000611,Banbridge_D3,312071,346471
N20000612,Banbridge_E1,312798,346447
N20000613,Banbridge_E2,313460,346408
N20000614,Banbridge_L1,316248,346215
N20000615,Banbridge_D4,311783,346292
N20000616,Banbridge_D5,312072,346235
N20000617,Banbridge_E3,313150,346229
N20000618,Banbridge_E4,312947,346272
N20000619,Banbridge_D6,311753,346120
N20000620,Banbridge_E5,312447,346119
N20000621,Banbridge_H1,311182,346027
N20000622,Banbridge_D7,311879,345924
N20000623,Banbridge_J1,313162,345930
N20000624,Banbridge_G1,312248,345744
N20000625,Banbridge_H2,311315,345778
N20000626,Banbridge_J2,313219,345618
N20000627,Banbridge_H3,311513,345594
N20000628,Banbridge_J3,313678,345704
N20000629,Banbridge_F3,306958,345356
N20000630,Banbridge_G2,312055,345485
N20000631,Banbridge_E6,312651,345373
N20000632,Banbridge_G3,311763,345313
N20000633,Banbridge_J4,313428,345446
N20000634,Banbridge_G4,311973,345218
N20000635,Banbridge_J5,314023,345390
N20000636,Banbridge_H4,311507,345108
N20000637,Banbridge_K1,312477,345140
N20000638,Banbridge_K2,311750,344835
N20000639,Banbridge_H5,311258,344825
N20000640,Banbridge_K3,311904,344595
N20000641,Banbridge_K4,312818,344933
N20000642,Banbridge_F4,309885,344091
N20000643,Banbridge_K5,311889,344112
N20000644,Banbridge_F5,306571,343906
N20000645,Banbridge_L2,316929,343407
N20000646,Banbridge_N1,310281,342357
N20000647,Banbridge_N2,305906,340676
N20000648,Banbridge_L3,313081,341374
N20000649,Banbridge_N3,310293,341111
N20000650,Banbridge_P1,324366,339575
N20000651,Banbridge_P2,319183,339679
N20000652,Banbridge_N4,308232,339028
N20000653,Banbridge_L4,314876,338316
N20000654,Banbridge_N5,305973,338378
N20000655,Banbridge_P3,324337,338060
N20000656,Banbridge_P4,323878,336146
N20000657,Banbridge_L5,318059,336253
N20000658,Banbridge_P5,320985,335181
N20000659,Banbridge_Q1,319273,333749
N20000660,Banbridge_Q2,319930,333630
N20000661,Banbridge_Q3,320267,333349
N20000662,Banbridge_Q4,319529,333251
N20000663,Banbridge_Q5,319783,333243
N20000664,Cusher_E1,297584,350800
N20000665,Cusher_E2,295988,349283
N20000666,Cusher_B1,294162,348524
N20000667,Cusher_A1,301157,348242
N20000668,Cusher_B2,293870,348248
N20000669,Cusher_B3,294506,348234
N20000670,Cusher_A2,300785,347913
N20000671,Cusher_B4,294086,347902
N20000672,Cusher_D1,302576,347996
N20000673,Cusher_B5,294527,347713
N20000674,Cusher_E3,291590,347539
N20000675,Cusher_A3,300603,347699
N20000676,Cusher_D2,297986,347101
N20000677,Cusher_B6,294587,347378
N20000678,Cusher_C1,302794,346900
N20000679,Cusher_C2,303398,346675
N20000680,Cusher_C3,302748,346643
N20000681,Cusher_E4,293582,346053
N20000682,Cusher_F1,303108,346462
N20000683,Cusher_F2,303835,346258
N20000684,Cusher_F3,303344,346257
N20000685,Cusher_D3,300344,345990
N20000686,Cusher_F4,303361,345707
N20000687,Cusher_G1,294781,344734
N20000688,Cusher_E5,291100,343822
N20000689,Cusher_G2,295594,343635
N20000690,Cusher_G3,294682,344478
N20000691,Cusher_G4,298264,342761
N20000692,Cusher_H1,304793,341536
N20000693,Cusher_K1,289675,342153
N20000694,Cusher_H2,302132,341104
N20000695,Cusher_K2,299026,340511
N20000696,Cusher_J1,296339,339834
N20000697,Cusher_J2,295931,339687
N20000698,Cusher_J3,296634,339509
N20000699,Cusher_K3,292061,339674
N20000700,Cusher_J4,296343,339341
N20000701,Cusher_L1,287787,337730
N20000702,Cusher_K4,293006,336432
N20000703,Cusher_K5,295951,336703
N20000704,Cusher_H3,299568,335806
N20000705,Cusher_L2,285167,334775
N20000706,Cusher_L3,288926,335276
N20000707,Cusher_L4,285968,334085
N20000708,Cusher_H4,297195,333484
N20000709,Cusher_K6,290865,332972
N20000710,Cusher_L5,285988,331503
N20000711,Oldpark_A1,331241,377985
N20000712,Oldpark_A2,329631,377277
N20000713,Oldpark_A3,330699,377626
N20000714,Oldpark_B1,331551,377813
N20000715,Oldpark_D1,329732,377561
N20000716,Oldpark_C1,331722,377605
N20000717,Oldpark_B2,331375,377605
N20000718,Oldpark_B3,331092,377572
N20000719,Oldpark_A4,330325,377453
N20000720,Oldpark_B4,330930,377442
N20000721,Oldpark_A5,330681,377391
N20000722,Oldpark_C2,331549,377367
N20000723,Oldpark_C3,331209,377348
N20000724,Oldpark_D2,329777,377318
N20000725,Oldpark_D3,330203,377317
N20000726,Oldpark_E1,331861,377112
N20000727,Oldpark_C4,331678,377279
N20000728,Oldpark_F1,330693,377073
N20000729,Oldpark_E2,331095,377143
N20000730,Oldpark_F2,330895,376939
N20000731,Oldpark_D4,330082,376995
N20000732,Oldpark_E3,331942,376829
N20000733,Oldpark_E4,331672,376836
N20000734,Oldpark_G1,332494,376792
N20000735,Oldpark_G2,332273,376692
N20000736,Oldpark_F3,330717,376836
N20000737,Oldpark_K1,331021,376621
N20000738,Oldpark_G3,333111,376700
N20000739,Oldpark_E5,331691,376580
N20000740,Oldpark_H1,332098,376613
N20000741,Oldpark_G4,332583,376482
N20000742,Oldpark_K2,331239,376381
N20000743,Oldpark_J1,331758,376396
N20000744,Oldpark_J2,331510,376410
N20000745,Oldpark_G5,333128,376249
N20000746,Oldpark_N1,332342,376360
N20000747,Oldpark_L1,333014,376302
N20000748,Oldpark_H2,332002,376319
N20000749,Oldpark_N2,332487,376280
N20000750,Oldpark_L2,332789,376264
N20000751,Oldpark_H3,332102,376252
N20000752,Oldpark_J3,331801,376230
N20000753,Oldpark_K3,331563,376218
N20000754,Oldpark_R1,332989,376160
N20000755,Oldpark_N3,332254,376052
N20000756,Oldpark_K4,331510,376113
N20000757,Oldpark_L3,332904,376056
N20000758,Oldpark_Q1,331866,376072
N20000759,Oldpark_R2,333155,376123
N20000760,Oldpark_P1,331637,376035
N20000761,Oldpark_L4,332617,376032
N20000762,Oldpark_P2,331691,375935
N20000763,Oldpark_L5,332796,375924
N20000764,Oldpark_R3,333269,375909
N20000765,Oldpark_Q2,331958,375822
N20000766,Oldpark_R4,333563,375847
N20000767,Oldpark_N4,332445,375838
N20000768,Oldpark_P3,331796,375793
N20000769,Oldpark_R5,333545,375792
N20000770,Oldpark_Q3,332280,375751
N20000771,Oldpark_S1,333486,375704
N20000772,Oldpark_U1,333357,375647
N20000773,Oldpark_T1,333794,375645
N20000774,Oldpark_U2,333299,375636
N20000775,Oldpark_R6,333006,375912
N20000776,Oldpark_Q4,332754,375625
N20000777,Oldpark_S2,333548,375608
N20000778,Oldpark_S3,333630,375555
N20000779,Oldpark_T2,333806,375482
N20000780,Oldpark_S4,333675,375425
N20000781,Oldpark_T3,333855,375314
N20000782,Oldpark_S5,333617,375338
N20000783,Oldpark_U3,333366,375435
N20000784,Oldpark_T4,333783,375127
N20000785,Oldpark_U4,333455,374866
N20000786,Oldpark_U5,333610,374905
N20000787,Castle_A1,332838,381156
N20000788,Castle_A2,333172,380886
N20000789,Castle_A3,333385,380302
N20000790,Castle_B1,333630,380185
N20000791,Castle_B2,333536,379933
N20000792,Castle_B3,333965,379913
N20000793,Castle_B4,333782,379906
N20000794,Castle_C1,334111,379708
N20000795,Castle_C2,334092,379462
N20000796,Castle_D1,333037,379007
N20000797,Castle_C3,333695,378909
N20000798,Castle_E1,334207,378849
N20000799,Castle_D2,333328,378777
N20000800,Castle_E2,333959,378779
N20000801,Castle_E3,333899,378502
N20000802,Castle_F1,333082,378522
N20000803,Castle_F2,333501,378503
N20000804,Castle_H1,333602,378302
N20000805,Castle_G1,331956,378245
N20000806,Castle_G2,331766,378279
N20000807,Castle_J1,332555,378152
N20000808,Castle_D3,332976,378209
N20000809,Castle_G3,332179,378110
N20000810,Castle_H2,333695,378166
N20000811,Castle_H3,333938,378104
N20000812,Castle_F3,333332,378179
N20000813,Castle_H4,334081,377960
N20000814,Castle_J2,332736,377952
N20000815,Castle_J3,332860,377886
N20000816,Castle_J4,332443,377862
N20000817,Castle_H5,333666,377816
N20000818,Castle_L1,333071,377790
N20000819,Castle_G4,332138,377699
N20000820,Castle_G5,331895,377713
N20000821,Castle_K1,334223,377613
N20000822,Castle_L2,333298,377591
N20000823,Castle_K2,333935,377553
N20000824,Castle_L3,333009,377480
N20000825,Castle_Q1,334528,375270
N20000826,Castle_N1,333507,377423
N20000827,Castle_J5,332745,377509
N20000828,Castle_K3,333907,377337
N20000829,Castle_K4,334230,377289
N20000830,Castle_L4,332926,377248
N20000831,Castle_N2,333432,377167
N20000832,Castle_N3,333603,377178
N20000833,Castle_R1,333243,377158
N20000834,Castle_L5,332642,377133
N20000835,Castle_P1,334124,377091
N20000836,Castle_R2,333116,377038
N20000837,Castle_P2,333894,377023
N20000838,Castle_R3,332984,377036
N20000839,Castle_R4,333379,376919
N20000840,Castle_R5,333071,376840
N20000841,Castle_S1,333560,376777
N20000842,Castle_T1,334186,376781
N20000843,Castle_S2,333315,376509
N20000844,Castle_T2,334247,376529
N20000845,Castle_S3,333823,376430
N20000846,Castle_U1,333342,376300
N20000847,Castle_T3,334007,376258
N20000848,Castle_U2,333590,376300
N20000849,Castle_U3,333410,376131
N20000850,Castle_T4,334034,376091
N20000851,Castle_U4,333572,376091
N20000852,Castle_U5,333851,375969
N20000853,Castle_T5,334030,375781
N20000854,Castle_Q2,334359,374699
N20000855,Castle_Q3,334003,374926
N20000856,Titanic_A1,337362,375501
N20000857,Titanic_B1,334981,374952
N20000858,Titanic_A2,337598,375407
N20000859,Titanic_A3,337197,375357
N20000860,Titanic_C1,337063,375227
N20000861,Titanic_C2,337294,375210
N20000862,Titanic_C3,336919,375099
N20000863,Titanic_C4,337428,375104
N20000864,Titanic_C5,336747,374999
N20000865,Titanic_D1,337109,374992
N20000866,Titanic_D2,336845,374892
N20000867,Titanic_E1,336668,374890
N20000868,Titanic_D3,336905,374800
N20000869,Titanic_D4,337180,374807
N20000870,Titanic_F1,336103,374714
N20000871,Titanic_E2,336713,374688
N20000872,Titanic_D5,336939,374633
N20000873,Titanic_F2,335633,374555
N20000874,Titanic_F3,336195,374579
N20000875,Titanic_E3,336406,374580
N20000876,Titanic_G1,336969,374493
N20000877,Titanic_F4,335861,374497
N20000878,Titanic_J1,336459,374494
N20000879,Titanic_E4,336668,374497
N20000880,Titanic_F5,336124,374416
N20000881,Titanic_G2,337390,374452
N20000882,Titanic_B2,334644,374369
N20000883,Titanic_G3,336901,374344
N20000884,Titanic_B3,335618,374343
N20000885,Titanic_B4,335324,374443
N20000886,Titanic_H1,335309,374364
N20000887,Titanic_H2,335151,374251
N20000888,Titanic_J2,336801,374228
N20000889,Titanic_K1,337049,374199
N20000890,Titanic_K2,337240,374191
N20000891,Titanic_J3,336626,374087
N20000892,Titanic_N1,335859,374181
N20000893,Titanic_L1,335712,374177
N20000894,Titanic_H3,335439,374183
N20000895,Titanic_K3,336819,374059
N20000896,Titanic_H4,335411,374051
N20000897,Titanic_K4,337004,374002
N20000898,Titanic_Q1,336745,373945
N20000899,Titanic_J4,336573,373979
N20000900,Titanic_N2,335976,373987
N20000901,Titanic_L2,335764,373865
N20000902,Titanic_R1,337442,373886
N20000903,Titanic_N3,335900,373868
N20000904,Titanic_P1,335197,373968
N20000905,Titanic_L3,335626,373874
N20000906,Titanic_J5,336295,373830
N20000907,Titanic_Q2,336630,373729
N20000908,Titanic_S1,335502,373721
N20000909,Titanic_R2,336945,373713
N20000910,Titanic_L4,335833,373716
N20000911,Titanic_N4,336336,373717
N20000912,Titanic_P2,334953,373541
N20000913,Titanic_S2,335360,373637
N20000914,Titanic_T1,336039,373622
N20000915,Titanic_T2,336191,373570
N20000916,Titanic_Q3,336727,373614
N20000917,Titanic_Q4,336541,373587
N20000918,Titanic_P3,335188,373556
N20000919,Titanic_T3,335636,373521
N20000920,Titanic_Q5,336761,373525
N20000921,Titanic_T4,335917,373531
N20000922,Titanic_S3,335385,373483
N20000923,Titanic_R3,336880,373501
N20000924,Titanic_P4,335044,373439
N20000925,Titanic_U1,335843,373424
N20000926,Titanic_X1,336652,373430
N20000927,Titanic_W1,336147,373417
N20000928,Titanic_S4,335318,373397
N20000929,Titanic_R4,336788,373341
N20000930,Titanic_U2,335679,373366
N20000931,Titanic_T5,335468,373317
N20000932,Titanic_W2,336106,373316
N20000933,Titanic_U3,335787,373269
N20000934,Titanic_Y1,335193,373288
N20000935,Titanic_X2,336533,373096
N20000936,Titanic_W3,335930,373200
N20000937,Titanic_X3,336381,373058
N20000938,Titanic_U4,335640,373171
N20000939,Titanic_Y2,335317,373100
N20000940,Titanic_Z1,335677,373055
N20000941,Titanic_Z2,335492,373065
N20000942,Titanic_Y3,335222,373011
N20000943,Titanic_Z3,335693,372947
N20000944,Titanic_Y4,335349,372901
N20000945,Ormiston_B1,338650,376726
N20000946,Ormiston_A1,338999,376750
N20000947,Ormiston_A2,338799,376590
N20000948,Ormiston_B2,338457,376346
N20000949,Ormiston_A3,338734,376319
N20000950,Ormiston_B3,338378,376170
N20000951,Ormiston_A4,338547,376060
N20000952,Ormiston_C1,339143,375364
N20000953,Ormiston_C2,338972,375812
N20000954,Ormiston_A5,338703,375602
N20000955,Ormiston_C3,339477,375131
N20000956,Ormiston_B4,338347,375627
N20000957,Ormiston_D1,337993,375293
N20000958,Ormiston_D2,337808,375179
N20000959,Ormiston_F1,338740,374957
N20000960,Ormiston_C4,340071,373984
N20000961,Ormiston_D3,338086,374935
N20000962,Ormiston_D4,337760,374879
N20000963,Ormiston_F2,338356,374751
N20000964,Ormiston_E1,337480,374679
N20000965,Ormiston_C5,339453,374608
N20000966,Ormiston_E2,337373,374589
N20000967,Ormiston_F3,338991,374340
N20000968,Ormiston_E3,338081,374341
N20000969,Ormiston_E4,337806,374465
N20000970,Ormiston_G1,338280,374287
N20000971,Ormiston_F4,338559,374290
N20000972,Ormiston_H1,337682,374069
N20000973,Ormiston_H2,337756,374178
N20000974,Ormiston_G2,338493,374067
N20000975,Ormiston_G3,338121,373976
N20000976,Ormiston_H3,337838,373849
N20000977,Ormiston_J1,340085,373827
N20000978,Ormiston_J2,339628,373801
N20000979,Ormiston_N1,339351,373727
N20000980,Ormiston_L1,340690,373719
N20000981,Ormiston_J3,339816,373728
N20000982,Ormiston_F5,339008,373781
N20000983,Ormiston_G4,338393,373712
N20000984,Ormiston_H4,337589,373675
N20000985,Ormiston_H5,337922,373602
N20000986,Ormiston_J4,340040,373586
N20000987,Ormiston_K1,337475,373493
N20000988,Ormiston_N2,339012,373484
N20000989,Ormiston_L2,340404,373491
N20000990,Ormiston_K2,337188,373448
N20000991,Ormiston_J5,340089,373402
N20000992,Ormiston_P1,339682,373420
N20000993,Ormiston_K3,337876,373375
N20000994,Ormiston_K4,337368,373334
N20000995,Ormiston_R1,338325,373251
N20000996,Ormiston_L3,340251,373204
N20000997,Ormiston_N3,339188,373227
N20000998,Ormiston_P2,339474,373120
N20000999,Ormiston_L4,340404,372976
N20001000,Ormiston_Q1,337733,373079
N20001001,Ormiston_N4,338871,373043
N20001002,Ormiston_P3,339914,373102
N20001003,Ormiston_Q2,338063,372949
N20001004,Ormiston_L5,340192,372954
N20001005,Ormiston_R2,338697,372889
N20001006,Ormiston_P4,339789,372695
N20001007,Ormiston_S1,340313,372687
N20001008,Ormiston_P5,339318,372729
N20001009,Ormiston_Q3,337989,372780
N20001010,Ormiston_R3,338435,372848
N20001011,Ormiston_S2,338977,372284
N20001012,Ormiston_T1,338290,372239
N20001013,Ormiston_S3,339469,372442
N20001014,Ormiston_T2,338130,372203
N20001015,Ormiston_T3,338322,371920
N20001016,Ormiston_T4,338638,371899
N20001017,Lisnasharragh_B1,336973,373298
N20001018,Lisnasharragh_A1,335984,373032
N20001019,Lisnasharragh_A2,336050,372916
N20001020,Lisnasharragh_B2,337125,372793
N20001021,Lisnasharragh_D1,335721,372821
N20001022,Lisnasharragh_B3,336795,372764
N20001023,Lisnasharragh_A3,336303,372795
N20001024,Lisnasharragh_C1,335222,372774
N20001025,Lisnasharragh_B4,336554,372699
N20001026,Lisnasharragh_D2,335579,372760
N20001027,Lisnasharragh_C2,335415,372715
N20001028,Lisnasharragh_A4,336124,372744
N20001029,Lisnasharragh_D3,335791,372650
N20001030,Lisnasharragh_C3,335487,372573
N20001031,Lisnasharragh_B5,336714,372539
N20001032,Lisnasharragh_D4,335797,372537
N20001033,Lisnasharragh_E1,336517,372461
N20001034,Lisnasharragh_B6,337243,372492
N20001035,Lisnasharragh_F1,335162,372355
N20001036,Lisnasharragh_F2,335898,372307
N20001037,Lisnasharragh_F3,335714,372288
N20001038,Lisnasharragh_E2,336151,372291
N20001039,Lisnasharragh_G1,337856,372162
N20001040,Lisnasharragh_N1,337247,371995
N20001041,Lisnasharragh_H1,335868,371913
N20001042,Lisnasharragh_F4,335406,372038
N20001043,Lisnasharragh_J1,336823,371877
N20001044,Lisnasharragh_H2,336044,371830
N20001045,Lisnasharragh_G2,337745,371840
N20001046,Lisnasharragh_E3,336332,371823
N20001047,Lisnasharragh_G3,338069,371808
N20001048,Lisnasharragh_J2,336675,371761
N20001049,Lisnasharragh_N2,337202,371808
N20001050,Lisnasharragh_N3,337547,371701
N20001051,Lisnasharragh_J3,336941,371714
N20001052,Lisnasharragh_N4,337290,371550
N20001053,Lisnasharragh_L1,335538,371565
N20001054,Lisnasharragh_J4,336508,371594
N20001055,Lisnasharragh_H3,336069,371546
N20001056,Lisnasharragh_P1,336315,371485
N20001057,Lisnasharragh_K1,335089,371353
N20001058,Lisnasharragh_L2,335874,371501
N20001059,Lisnasharragh_K2,334144,371506
N20001060,Lisnasharragh_J5,336645,371410
N20001061,Lisnasharragh_K3,334761,371378
N20001062,Lisnasharragh_K4,334476,371411
N20001063,Lisnasharragh_P2,335457,371307
N20001064,Lisnasharragh_K5,334093,371371
N20001065,Lisnasharragh_L3,335925,371324
N20001066,Lisnasharragh_Q1,334311,371236
N20001067,Lisnasharragh_N5,337910,371443
N20001068,Lisnasharragh_P3,336202,371181
N20001069,Lisnasharragh_P4,335703,371134
N20001070,Lisnasharragh_Q2,334717,371152
N20001071,Lisnasharragh_R1,335471,371040
N20001072,Lisnasharragh_Q3,334952,371007
N20001073,Lisnasharragh_R2,335274,370967
N20001074,Lisnasharragh_N6,336732,371210
N20001075,Lisnasharragh_P5,335820,370976
N20001076,Lisnasharragh_R3,335291,370794
N20001077,Lisnasharragh_R4,336051,370692
N20001078,Lisnasharragh_R5,335711,370492
N20001079,Botanic_A1,334024,373866
N20001080,Botanic_A2,333539,374198
N20001081,Botanic_B1,334801,373974
N20001082,Botanic_B2,334501,373756
N20001083,Botanic_B3,334262,373780
N20001084,Botanic_A3,333567,373831
N20001085,Botanic_A4,334019,373604
N20001086,Botanic_B4,334408,373621
N20001087,Botanic_C1,333807,373577
N20001088,Botanic_C2,333464,373419
N20001089,Botanic_A5,333304,373466
N20001090,Botanic_C3,333650,373301
N20001091,Botanic_D1,334035,373317
N20001092,Botanic_E1,332653,373320
N20001093,Botanic_F1,333282,373275
N20001094,Botanic_D2,334402,373073
N20001095,Botanic_F2,333009,373227
N20001096,Botanic_E2,332363,373249
N20001097,Botanic_C4,333851,373187
N20001098,Botanic_E3,332540,373206
N20001099,Botanic_H1,333407,373134
N20001100,Botanic_F3,332897,373085
N20001101,Botanic_D3,334075,373083
N20001102,Botanic_F4,332782,373041
N20001103,Botanic_H2,333666,373009
N20001104,Botanic_G1,332272,372999
N20001105,Botanic_H3,333969,372960
N20001106,Botanic_E4,332495,372966
N20001107,Botanic_H4,333884,372936
N20001108,Botanic_F5,332915,372956
N20001109,Botanic_D4,334391,372913
N20001110,Botanic_H5,333372,372876
N20001111,Botanic_G2,332174,372893
N20001112,Botanic_H6,333753,372889
N20001113,Botanic_J1,333994,372792
N20001114,Botanic_J2,334239,372775
N20001115,Botanic_K1,332680,372794
N20001116,Botanic_G3,332315,372782
N20001117,Botanic_G4,332134,372774
N20001118,Botanic_N1,334441,372767
N20001119,Botanic_J3,333909,372702
N20001120,Botanic_J4,334081,372704
N20001121,Botanic_P1,334809,372070
N20001122,Botanic_L1,332999,372683
N20001123,Botanic_H7,333356,372774
N20001124,Botanic_L2,332840,372695
N20001125,Botanic_K2,332614,372614
N20001126,Botanic_K3,332499,372561
N20001127,Botanic_N2,334345,372659
N20001128,Botanic_U1,332133,372628
N20001129,Botanic_K4,332297,372581
N20001130,Botanic_N3,334069,372579
N20001131,Botanic_N4,334193,372570
N20001132,Botanic_L3,333094,372511
N20001133,Botanic_L4,332711,372457
N20001134,Botanic_N5,334012,372452
N20001135,Botanic_R1,333049,372431
N20001136,Botanic_Q1,333599,372267
N20001137,Botanic_R2,333205,372287
N20001138,Botanic_T1,334261,372258
N20001139,Botanic_R3,332922,372278
N20001140,Botanic_S1,332548,372294
N20001141,Botanic_T2,334397,372221
N20001142,Botanic_Q2,333682,372146
N20001143,Botanic_R4,333194,372174
N20001144,Botanic_S2,332464,372138
N20001145,Botanic_P2,334506,372087
N20001146,Botanic_T3,334297,372039
N20001147,Botanic_T4,334158,371983
N20001148,Botanic_R5,332947,372008
N20001149,Botanic_U2,332406,372328
N20001150,Botanic_W1,334398,372005
N20001151,Botanic_Q3,333747,372000
N20001152,Botanic_S3,332414,372003
N20001153,Botanic_Q4,333535,371986
N20001154,Botanic_W2,334422,371932
N20001155,Botanic_W3,334517,371873
N20001156,Botanic_S4,332776,371880
N20001157,Botanic_Q5,333731,371885
N20001158,Botanic_P3,334810,371808
N20001159,Botanic_W4,334602,371784
N20001160,Botanic_W5,334340,371809
N20001161,Botanic_U3,332286,371781
N20001162,Botanic_X1,333248,371679
N20001163,Botanic_T5,334062,371699
N20001164,Botanic_W6,334322,371664
N20001165,Botanic_P4,334626,371589
N20001166,Botanic_P5,334906,371572
N20001167,Botanic_X2,332563,371565
N20001168,Botanic_Y1,333830,371382
N20001169,Botanic_X3,332906,371421
N20001170,Botanic_Y2,333858,371171
N20001171,Botanic_X4,332781,371214
N20001172,Botanic_Y3,333282,371100
N20001173,Botanic_Y4,333767,370933
N20001174,Botanic_Y5,333580,370912
N20001175,Botanic_Z1,333920,370875
N20001176,Botanic_Z2,332908,370714
N20001177,Botanic_Z3,332871,370411
N20001178,Botanic_Z4,333524,370616
N20001179,Balmoral_A1,332121,371509
N20001180,Balmoral_A2,332287,371306
N20001181,Balmoral_A3,332042,371246
N20001182,Balmoral_A4,332264,371112
N20001183,Balmoral_A5,331964,371004
N20001184,Balmoral_B1,330792,370818
N20001185,Balmoral_A6,332390,370775
N20001186,Balmoral_B2,331700,370784
N20001187,Balmoral_F1,334571,370757
N20001188,Balmoral_F2,334834,370715
N20001189,Balmoral_E1,331994,370480
N20001190,Balmoral_D1,330074,370417
N20001191,Balmoral_C1,331654,370376
N20001192,Balmoral_D2,330428,370408
N20001193,Balmoral_E2,332387,370261
N20001194,Balmoral_C2,330980,370148
N20001195,Balmoral_D3,330595,370180
N20001196,Balmoral_E3,332245,370107
N20001197,Balmoral_D4,330055,370146
N20001198,Balmoral_E4,331981,369910
N20001199,Balmoral_E5,332705,370014
N20001200,Balmoral_F3,334936,370426
N20001201,Balmoral_C3,331013,369919
N20001202,Balmoral_H1,330276,369824
N20001203,Balmoral_G1,330791,369875
N20001204,Balmoral_H2,330059,369810
N20001205,Balmoral_G2,330512,369781
N20001206,Balmoral_G3,330698,369744
N20001207,Balmoral_C4,331529,369775
N20001208,Balmoral_J1,331429,369593
N20001209,Balmoral_H3,330282,369626
N20001210,Balmoral_G4,330898,369599
N20001211,Balmoral_J2,331154,369539
N20001212,Balmoral_H4,329915,369609
N20001213,Balmoral_G5,330835,369428
N20001214,Balmoral_J3,331454,369395
N20001215,Balmoral_N1,330490,369335
N20001216,Balmoral_J4,331180,369320
N20001217,Balmoral_F4,332858,369505
N20001218,Balmoral_L1,331637,369329
N20001219,Balmoral_J5,330965,369216
N20001220,Balmoral_N2,330591,369106
N20001221,Balmoral_N3,330753,369070
N20001222,Balmoral_K1,334119,369134
N20001223,Balmoral_K2,334271,369028
N20001224,Balmoral_F5,333365,368887
N20001225,Balmoral_K3,333940,368856
N20001226,Balmoral_L2,331344,368859
N20001227,Balmoral_K4,334046,368742
N20001228,Balmoral_P1,333373,368681
N20001229,Balmoral_P2,333782,368640
N20001230,Balmoral_L3,330773,368670
N20001231,Balmoral_L4,331429,368396
N20001232,Balmoral_P3,333503,368302
N20001233,Balmoral_N4,330439,368888
N20001234,Balmoral_P4,332101,367754
N20001235,Collin_A1,329310,371297
N20001236,Collin_A2,329062,371214
N20001237,Collin_D1,328962,370972
N20001238,Collin_A3,329250,370908
N20001239,Collin_B1,326941,370423
N20001240,Collin_C1,328711,370952
N20001241,Collin_E1,327911,370918
N20001242,Collin_C2,328553,370878
N20001243,Collin_E2,327758,370774
N20001244,Collin_D2,329366,370617
N20001245,Collin_A4,329741,370669
N20001246,Collin_F1,328279,370616
N20001247,Collin_D3,329056,370619
N20001248,Collin_E3,327941,370556
N20001249,Collin_C3,328717,370458
N20001250,Collin_F2,328060,370402
N20001251,Collin_D4,329216,370379
N20001252,Collin_E4,327757,370302
N20001253,Collin_J1,329470,370243
N20001254,Collin_F3,328476,370242
N20001255,Collin_B2,327217,369935
N20001256,Collin_G1,327886,370084
N20001257,Collin_G2,327666,369951
N20001258,Collin_H1,329029,370116
N20001259,Collin_K1,328220,369748
N20001260,Collin_J2,329606,369791
N20001261,Collin_B3,326947,369632
N20001262,Collin_G3,327454,369585
N20001263,Collin_G4,327631,369597
N20001264,Collin_H2,329282,369556
N20001265,Collin_H3,328474,369504
N20001266,Collin_G5,327277,369455
N20001267,Collin_L1,326120,369393
N20001268,Collin_B4,326643,369335
N20001269,Collin_K2,327834,369373
N20001270,Collin_K3,328385,369302
N20001271,Collin_H4,329034,369178
N20001272,Collin_N1,327043,369231
N20001273,Collin_L2,326006,369184
N20001274,Collin_P1,328647,369043
N20001275,Collin_J3,329334,368763
N20001276,Collin_K4,327810,369023
N20001277,Collin_N2,327562,369039
N20001278,Collin_L3,326457,368984
N20001279,Collin_L4,326183,368992
N20001280,Collin_J4,329292,368930
N20001281,Collin_R1,328971,368980
N20001282,Collin_Q1,327330,368946
N20001283,Collin_P2,328021,369061
N20001284,Collin_N3,326971,368888
N20001285,Collin_P3,328773,368873
N20001286,Collin_P4,327908,368773
N20001287,Collin_Q2,327735,368645
N20001288,Collin_P5,328143,368681
N20001289,Collin_R2,328953,368611
N20001290,Collin_Q3,327410,368585
N20001291,Collin_N4,327041,368564
N20001292,Collin_R3,329355,368496
N20001293,Collin_P6,328007,368497
N20001294,Collin_R4,329216,368334
N20001295,Collin_Q4,327748,368373
N20001296,Collin_R5,329492,368332
N20001297,Black_Mountain_A1,330429,374233
N20001298,Black_Mountain_A2,330053,373917
N20001299,Black_Mountain_A3,330264,374071
N20001300,Black_Mountain_B1,330774,373793
N20001301,Black_Mountain_A4,330508,373840
N20001302,Black_Mountain_A5,330234,373745
N20001303,Black_Mountain_B2,331482,373758
N20001304,Black_Mountain_B3,331654,373772
N20001305,Black_Mountain_B4,330933,373691
N20001306,Black_Mountain_A6,330393,373656
N20001307,Black_Mountain_C1,331590,373588
N20001308,Black_Mountain_D1,329838,373665
N20001309,Black_Mountain_D2,327521,372149
N20001310,Black_Mountain_E1,330504,373547
N20001311,Black_Mountain_C2,331754,373451
N20001312,Black_Mountain_C3,331553,373513
N20001313,Black_Mountain_E2,330847,373519
N20001314,Black_Mountain_E3,330968,373420
N20001315,Black_Mountain_C4,331839,373356
N20001316,Black_Mountain_E4,331236,373527
N20001317,Black_Mountain_F1,329937,373229
N20001318,Black_Mountain_J1,331541,373223
N20001319,Black_Mountain_J2,331270,373206
N20001320,Black_Mountain_F2,330116,373351
N20001321,Black_Mountain_J3,331366,373054
N20001322,Black_Mountain_J4,331691,372883
N20001323,Black_Mountain_H1,329735,373091
N20001324,Black_Mountain_J5,331644,372983
N20001325,Black_Mountain_F3,329969,372955
N20001326,Black_Mountain_F4,330084,372670
N20001327,Black_Mountain_G1,330411,372663
N20001328,Black_Mountain_H2,329865,372407
N20001329,Black_Mountain_G2,330368,372513
N20001330,Black_Mountain_G3,330620,372475
N20001331,Black_Mountain_G4,330128,372460
N20001332,Black_Mountain_K1,329359,372156
N20001333,Black_Mountain_G5,330524,372301
N20001334,Black_Mountain_G6,330363,372201
N20001335,Black_Mountain_K2,329493,372205
N20001336,Black_Mountain_J6,331301,372872
N20001337,Black_Mountain_H3,330072,372038
N20001338,Black_Mountain_K3,329012,371896
N20001339,Black_Mountain_K4,329683,371937
N20001340,Black_Mountain_H4,330465,371954
N20001341,Black_Mountain_D3,328216,371818
N20001342,Black_Mountain_L1,329918,371778
N20001343,Black_Mountain_N1,329389,371828
N20001344,Black_Mountain_N2,329126,371776
N20001345,Black_Mountain_L2,330188,371767
N20001346,Black_Mountain_P1,328345,371721
N20001347,Black_Mountain_H5,330446,371703
N20001348,Black_Mountain_N3,328870,371671
N20001349,Black_Mountain_N4,329285,371646
N20001350,Black_Mountain_R1,330675,371538
N20001351,Black_Mountain_D4,327486,371576
N20001352,Black_Mountain_L3,329708,371535
N20001353,Black_Mountain_N5,329174,371540
N20001354,Black_Mountain_L4,330245,371515
N20001355,Black_Mountain_N6,329478,371479
N20001356,Black_Mountain_Q1,328676,371459
N20001357,Black_Mountain_L5,329906,371434
N20001358,Black_Mountain_P2,328395,371429
N20001359,Black_Mountain_P3,328050,371413
N20001360,Black_Mountain_P4,327932,371336
N20001361,Black_Mountain_R2,330533,371343
N20001362,Black_Mountain_Q2,328693,371228
N20001363,Black_Mountain_Q3,328438,371150
N20001364,Black_Mountain_R3,330094,371095
N20001365,Black_Mountain_P5,328146,371076
N20001366,Black_Mountain_R4,329857,371041
N20001367,Black_Mountain_R5,329723,370841
N20001368,Black_Mountain_R6,330037,370873
N20001369,Court_C1,330114,376588
N20001370,Court_A1,330573,376397
N20001371,Court_A2,330845,376443
N20001372,Court_C2,330324,376281
N20001373,Court_A3,330731,376071
N20001374,Court_B1,331330,375861
N20001375,Court_B2,331451,375665
N20001376,Court_C3,331130,375660
N20001377,Court_B3,331788,375603
N20001378,Court_C4,330582,375847
N20001379,Court_J1,331230,375523
N20001380,Court_E1,330320,375462
N20001381,Court_D1,331933,375489
N20001382,Court_B4,331556,375418
N20001383,Court_D2,332439,375399
N20001384,Court_F1,331761,375356
N20001385,Court_D3,332089,375389
N20001386,Court_E2,330809,375323
N20001387,Court_G1,332651,375268
N20001388,Court_E3,330192,375279
N20001389,Court_G2,332963,375189
N20001390,Court_H1,332394,375192
N20001391,Court_E4,330444,375161
N20001392,Court_E5,330805,375105
N20001393,Court_H2,332205,375152
N20001394,Court_F2,331775,375143
N20001395,Court_G3,332605,375054
N20001396,Court_K1,333239,375024
N20001397,Court_H3,332122,375033
N20001398,Court_K2,332702,374937
N20001399,Court_H4,332383,374968
N20001400,Court_F3,331802,374910
N20001401,Court_J2,331548,374868
N20001402,Court_L1,330237,374944
N20001403,Court_L2,330689,374776
N20001404,Court_J3,331689,374756
N20001405,Court_L3,330850,374815
N20001406,Court_K3,333039,374782
N20001407,Court_N1,331903,374743
N20001408,Court_P1,332030,374690
N20001409,Court_K4,332555,374666
N20001410,Court_S1,332375,374666
N20001411,Court_P2,332158,374648
N20001412,Court_K5,332951,374627
N20001413,Court_N2,331622,374617
N20001414,Court_Q1,333025,374477
N20001415,Court_P3,332288,374524
N20001416,Court_R1,330598,374536
N20001417,Court_R2,330837,374526
N20001418,Court_Q2,333385,374510
N20001419,Court_N3,331970,374409
N20001420,Court_N4,331709,374397
N20001421,Court_S2,332471,374375
N20001422,Court_J4,331125,374374
N20001423,Court_Q3,333001,374351
N20001424,Court_R3,330866,374260
N20001425,Court_U1,332206,374219
N20001426,Court_P4,332281,374264
N20001427,Court_U2,331922,374246
N20001428,Court_T1,331676,374144
N20001429,Court_W1,332954,374199
N20001430,Court_Q4,333262,374178
N20001431,Court_S3,332747,374125
N20001432,Court_S4,332514,374152
N20001433,Court_W2,333028,374071
N20001434,Court_U3,332121,374084
N20001435,Court_X1,331917,374043
N20001436,Court_T2,331499,373991
N20001437,Court_S5,332387,374011
N20001438,Court_W3,332818,373997
N20001439,Court_X2,331979,373931
N20001440,Court_S6,332574,373939
N20001441,Court_X3,331862,373904
N20001442,Court_T3,331649,373909
N20001443,Court_X4,332113,373889
N20001444,Court_W4,332710,373664
N20001445,Court_X5,331972,373453
N20001446,Benbradagh_B1,264701,421659
N20001447,Benbradagh_A1,261632,422381
N20001448,Benbradagh_A2,261186,422394
N20001449,Benbradagh_A3,262990,422329
N20001450,Benbradagh_A4,262621,422232
N20001451,Benbradagh_A5,263483,422265
N20001452,Benbradagh_A6,261540,422008
N20001453,Benbradagh_A7,262098,421990
N20001454,Benbradagh_C1,256204,420728
N20001455,Benbradagh_C2,257096,421021
N20001456,Benbradagh_C3,256526,420667
N20001457,Benbradagh_B2,266882,419736
N20001458,Benbradagh_D1,259770,420411
N20001459,Benbradagh_B3,268555,421436
N20001460,Benbradagh_D2,254635,420098
N20001461,Benbradagh_D3,263746,418946
N20001462,Benbradagh_D4,257168,418656
N20001463,Benbradagh_D5,261902,418666
N20001464,Benbradagh_E1,266897,415792
N20001465,Benbradagh_D6,263787,412869
N20001466,Benbradagh_G1,271479,412987
N20001467,Benbradagh_E2,267738,413293
N20001468,Benbradagh_E3,266337,411166
N20001469,Benbradagh_F1,269049,409935
N20001470,Benbradagh_F2,269482,409644
N20001471,Benbradagh_F3,269238,409585
N20001472,Benbradagh_E4,261857,409535
N20001473,Benbradagh_F4,269509,409338
N20001474,Benbradagh_F5,269009,409290
N20001475,Benbradagh_F6,269719,408926
N20001476,Benbradagh_F7,269815,408525
N20001477,Benbradagh_E5,265128,407513
N20001478,Benbradagh_G2,271474,407296
N20001479,Benbradagh_E6,262939,405417
N20001480,Benbradagh_G3,264591,405280
N20001481,Limavady_A1,266891,434511
N20001482,Limavady_A2,269079,432213
N20001483,Limavady_A3,267180,426052
N20001484,Limavady_A4,265486,426077
N20001485,Limavady_F1,271404,424702
N20001486,Limavady_B1,267484,423407
N20001487,Limavady_C1,267792,423461
N20001488,Limavady_B2,266979,423083
N20001489,Limavady_C2,268287,423095
N20001490,Limavady_B3,267389,422968
N20001491,Limavady_D1,268683,422836
N20001492,Limavady_D2,268909,422670
N20001493,Limavady_B4,267092,422761
N20001494,Limavady_C3,268005,422641
N20001495,Limavady_E1,267493,422572
N20001496,Limavady_E2,267263,422486
N20001497,Limavady_D3,268576,422471
N20001498,Limavady_E3,267053,422446
N20001499,Limavady_C4,268096,422287
N20001500,Limavady_E4,267205,422241
N20001501,Limavady_D4,269111,422317
N20001502,Limavady_C5,268354,422251
N20001503,Limavady_D5,268745,422216
N20001504,Limavady_E5,267609,422111
N20001505,Limavady_G1,268197,422023
N20001506,Limavady_D6,268888,422013
N20001507,Limavady_E6,267609,421825
N20001508,Limavady_G2,268532,421798
N20001509,Limavady_E7,267292,421768
N20001510,Limavady_G3,267988,421689
N20001511,Limavady_F2,271885,419879
N20001512,Limavady_F3,272327,417072
N20001513,Limavady_F4,270636,417155
N20001514,Bann_A1,277345,435862
N20001515,Bann_A2,277098,435700
N20001516,Bann_B1,278401,434085
N20001517,Bann_B2,275538,434616
N20001518,Bann_B3,283699,433563
N20001519,Bann_B4,278558,434098
N20001520,Bann_B5,277125,433367
N20001521,Bann_C1,282509,431765
N20001522,Bann_C2,281439,429561
N20001523,Bann_C3,282327,428988
N20001524,Bann_C4,285517,429936
N20001525,Bann_C5,279250,429565
N20001526,Bann_D1,286066,428741
N20001527,Bann_D2,282558,425291
N20001528,Bann_D3,287269,424488
N20001529,Bann_D4,285899,422174
N20001530,Bann_E1,289369,421073
N20001531,Bann_D5,281559,420555
N20001532,Bann_D6,279640,420215
N20001533,Bann_E2,286244,418255
N20001534,Bann_D7,282941,418601
N20001535,Bann_F1,284264,416744
N20001536,Bann_F2,283867,415938
N20001537,Bann_F3,284108,415644
N20001538,Bann_G1,280932,414512
N20001539,Bann_E3,290961,414796
N20001540,Bann_H1,292361,412843
N20001541,Bann_H2,292817,412652
N20001542,Bann_G2,284416,412843
N20001543,Bann_H3,292246,412444
N20001544,Bann_G3,287136,412012
N20001545,Bann_G4,290774,411348
N20001546,Bann_G5,279417,412880
N20001547,Coleraine_A1,285293,434637
N20001548,Coleraine_B1,284497,434169
N20001549,Coleraine_B2,285022,434545
N20001550,Coleraine_A2,285541,434195
N20001551,Coleraine_A3,285182,434035
N20001552,Coleraine_C1,285863,434043
N20001553,Coleraine_A4,285576,433744
N20001554,Coleraine_A5,285290,433406
N20001555,Coleraine_B3,284946,433496
N20001556,Coleraine_C2,285756,433200
N20001557,Coleraine_C3,286405,433046
N20001558,Coleraine_B4,284017,433202
N20001559,Coleraine_C4,286150,433106
N20001560,Coleraine_B5,283605,433013
N20001561,Coleraine_E1,285444,433028
N20001562,Coleraine_D1,285044,432883
N20001563,Coleraine_C5,286127,432940
N20001564,Coleraine_E2,285871,432845
N20001565,Coleraine_E3,285503,432764
N20001566,Coleraine_C6,286366,432693
N20001567,Coleraine_D2,284891,432610
N20001568,Coleraine_F1,284185,432476
N20001569,Coleraine_F2,283715,432428
N20001570,Coleraine_D3,285071,432193
N20001571,Coleraine_G1,284647,432264
N20001572,Coleraine_E4,286218,432543
N20001573,Coleraine_F3,283979,432144
N20001574,Coleraine_G2,284305,432118
N20001575,Coleraine_G3,284186,431928
N20001576,Coleraine_G4,284989,431901
N20001577,Coleraine_H1,285439,431884
N20001578,Coleraine_G5,284559,431780
N20001579,Coleraine_G6,284173,431737
N20001580,Coleraine_F4,283885,431662
N20001581,Coleraine_F5,284128,431462
N20001582,Coleraine_H2,285437,431271
N20001583,Coleraine_J1,283796,431230
N20001584,Coleraine_J2,284520,431352
N20001585,Coleraine_K1,286902,430747
N20001586,Coleraine_H3,285859,430928
N20001587,Coleraine_K2,286517,430714
N20001588,Coleraine_J3,284197,430841
N20001589,Coleraine_J4,283877,430896
N20001590,Coleraine_H4,285520,430839
N20001591,Coleraine_H5,286086,430656
N20001592,Coleraine_J5,284072,430525
N20001593,Coleraine_J6,284263,430419
N20001594,Coleraine_H6,285822,430480
N20001595,Coleraine_K3,287312,430963
N20001596,Coleraine_K4,286639,430393
N20001597,Causeway_A1,298502,442537
N20001598,Causeway_A2,293031,442021
N20001599,Causeway_B1,285589,440956
N20001600,Causeway_C1,294207,440965
N20001601,Causeway_C2,294034,440546
N20001602,Causeway_J1,292710,441096
N20001603,Causeway_B2,286058,440360
N20001604,Causeway_B3,285486,439903
N20001605,Causeway_C3,294036,440097
N20001606,Causeway_C4,294248,440003
N20001607,Causeway_D1,286362,439850
N20001608,Causeway_D2,286040,439877
N20001609,Causeway_E1,286708,439611
N20001610,Causeway_D3,285737,439643
N20001611,Causeway_E2,286177,439483
N20001612,Causeway_D4,285398,439353
N20001613,Causeway_E3,286466,439237
N20001614,Causeway_E4,285692,439091
N20001615,Causeway_E5,286140,438994
N20001616,Causeway_F1,282560,438620
N20001617,Causeway_J2,291708,438130
N20001618,Causeway_E6,285872,438713
N20001619,Causeway_A3,298499,438764
N20001620,Causeway_F2,282297,438426
N20001621,Causeway_G1,281741,438416
N20001622,Causeway_G2,282061,438229
N20001623,Causeway_F3,282961,438215
N20001624,Causeway_F4,282357,438066
N20001625,Causeway_F5,282947,437859
N20001626,Causeway_G3,281967,437832
N20001627,Causeway_K1,288116,437731
N20001628,Causeway_H1,281584,437653
N20001629,Causeway_G4,282137,437556
N20001630,Causeway_G5,282436,437373
N20001631,Causeway_H2,282170,437186
N20001632,Causeway_H3,281673,437183
N20001633,Causeway_G6,282450,437095
N20001634,Causeway_K2,284723,436592
N20001635,Causeway_H4,282565,436872
N20001636,Causeway_J3,295669,435738
N20001637,Causeway_H5,281944,436648
N20001638,Causeway_H6,282667,436499
N20001639,Causeway_L1,298711,436146
N20001640,Causeway_K3,289382,434318
N20001641,Causeway_J4,292680,434744
N20001642,Causeway_L2,297408,431734
N20001643,Causeway_J5,295834,432214
N20001644,Causeway_K4,291730,432168
N20001645,Causeway_L3,299371,430923
N20001646,Causeway_L4,297437,431470
N20001647,Causeway_K5,287880,430145
N20001648,Causeway_L5,297197,426533
N20001649,Causeway_L6,300297,425852
N20001650,Causeway_L7,298066,425814
N20001651,The_Glens_B1,314401,451117
N20001652,The_Glens_C1,307476,442753
N20001653,The_Glens_A1,311505,441440
N20001654,The_Glens_A2,311074,441332
N20001655,The_Glens_A3,310940,441288
N20001656,The_Glens_A4,310691,441076
N20001657,The_Glens_B2,311787,441164
N20001658,The_Glens_C2,304280,439706
N20001659,The_Glens_B3,312195,440666
N20001660,The_Glens_A5,310421,440674
N20001661,The_Glens_B4,311204,440759
N20001662,The_Glens_B5,310693,440592
N20001663,The_Glens_B6,310874,440390
N20001664,The_Glens_B7,310506,440094
N20001665,The_Glens_C3,316199,440149
N20001666,The_Glens_C4,307818,436859
N20001667,The_Glens_E1,324365,433578
N20001668,The_Glens_C5,310718,435158
N20001669,The_Glens_D1,301711,434696
N20001670,The_Glens_D2,305594,432686
N20001671,The_Glens_D3,306578,432912
N20001672,The_Glens_D4,301595,430502
N20001673,The_Glens_E2,322968,430400
N20001674,The_Glens_F1,303396,428773
N20001675,The_Glens_E3,322362,428016
N20001676,The_Glens_F2,305920,428466
N20001677,The_Glens_E4,323811,427580
N20001678,The_Glens_F3,308725,429026
N20001679,The_Glens_G1,323839,427221
N20001680,The_Glens_G2,324063,427066
N20001681,The_Glens_F4,308420,425351
N20001682,The_Glens_G3,324015,425283
N20001683,The_Glens_F5,308787,422451
N20001684,The_Glens_G4,324041,423542
N20001685,Ballymoney_A1,293246,427934
N20001686,Ballymoney_C1,294050,426812
N20001687,Ballymoney_B1,295185,426692
N20001688,Ballymoney_B2,295437,426716
N20001689,Ballymoney_C2,294699,426650
N20001690,Ballymoney_B3,295517,426480
N20001691,Ballymoney_C3,294253,426354
N20001692,Ballymoney_B4,295750,426271
N20001693,Ballymoney_D1,295214,426343
N20001694,Ballymoney_D2,295084,426308
N20001695,Ballymoney_B5,295351,426130
N20001696,Ballymoney_E1,296144,426027
N20001697,Ballymoney_E2,295910,425975
N20001698,Ballymoney_D3,295062,425821
N20001699,Ballymoney_C4,294368,425934
N20001700,Ballymoney_D4,294600,425785
N20001701,Ballymoney_E3,296437,425689
N20001702,Ballymoney_F1,295313,425343
N20001703,Ballymoney_D5,294730,425279
N20001704,Ballymoney_E4,295752,425361
N20001705,Ballymoney_A2,290696,425584
N20001706,Ballymoney_E5,296029,425291
N20001707,Ballymoney_A3,291764,425095
N20001708,Ballymoney_A4,292946,424868
N20001709,Ballymoney_F2,294512,424824
N20001710,Ballymoney_F3,294940,424789
N20001711,Ballymoney_F4,294636,424575
N20001712,Ballymoney_H1,296661,423538
N20001713,Ballymoney_A5,292662,423140
N20001714,Ballymoney_K1,294278,422598
N20001715,Ballymoney_G1,306008,422535
N20001716,Ballymoney_G2,301641,422316
N20001717,Ballymoney_K2,291913,421207
N20001718,Ballymoney_H2,301313,419417
N20001719,Ballymoney_H3,301958,419282
N20001720,Ballymoney_K3,295716,418949
N20001721,Ballymoney_J1,306648,418345
N20001722,Ballymoney_H4,298463,419485
N20001723,Ballymoney_J2,306910,417913
N20001724,Ballymoney_H5,301528,418586
N20001725,Ballymoney_H6,303537,417398
N20001726,Ballymoney_K4,293006,416546
N20001727,Ballymoney_K5,296088,414597
N20001728,Ballymoney_L1,297371,413250
N20001729,Ballymoney_L2,297281,413037
N20001730,Ballymoney_L3,299049,411286
N20001731,Ballymoney_K6,297270,410903
N20001732,The_Moor_H1,241356,418293
N20001733,The_Moor_H2,241573,418284
N20001734,The_Moor_A1,242493,417365
N20001735,The_Moor_B1,242747,417213
N20001736,The_Moor_A2,241997,417366
N20001737,The_Moor_B2,242449,417001
N20001738,The_Moor_B3,242881,416965
N20001739,The_Moor_A3,242247,417019
N20001740,The_Moor_B4,242684,417042
N20001741,The_Moor_C1,243188,417033
N20001742,The_Moor_A4,242059,416888
N20001743,The_Moor_C2,243395,416967
N20001744,The_Moor_A5,241767,416870
N20001745,The_Moor_C3,243246,416808
N20001746,The_Moor_B5,243012,416795
N20001747,The_Moor_B6,242549,416743
N20001748,The_Moor_B7,242818,416729
N20001749,The_Moor_D1,241711,416697
N20001750,The_Moor_C4,243291,416578
N20001751,The_Moor_F1,242892,416591
N20001752,The_Moor_D2,241750,416543
N20001753,The_Moor_E1,242312,416467
N20001754,The_Moor_G1,243362,416352
N20001755,The_Moor_D3,241709,416330
N20001756,The_Moor_G2,243583,416361
N20001757,The_Moor_D4,241437,416284
N20001758,The_Moor_F2,243006,416280
N20001759,The_Moor_F3,242667,416109
N20001760,The_Moor_D5,241682,416129
N20001761,The_Moor_G3,243145,416109
N20001762,The_Moor_E2,241985,416006
N20001763,The_Moor_D6,241483,415946
N20001764,The_Moor_G4,243266,416113
N20001765,The_Moor_F4,242811,415903
N20001766,The_Moor_F5,242510,415808
N20001767,The_Moor_H3,239529,414630
N20001768,Foyleside_A1,241076,420655
N20001769,Foyleside_A2,241988,419780
N20001770,Foyleside_A3,241828,419516
N20001771,Foyleside_B1,244576,419386
N20001772,Foyleside_B2,244104,419359
N20001773,Foyleside_A4,241711,419371
N20001774,Foyleside_A5,241266,419237
N20001775,Foyleside_D1,243318,419034
N20001776,Foyleside_E1,242198,418983
N20001777,Foyleside_B3,243770,418927
N20001778,Foyleside_E2,241957,418937
N20001779,Foyleside_C1,241424,418910
N20001780,Foyleside_C2,241659,418725
N20001781,Foyleside_B4,244332,419025
N20001782,Foyleside_C3,241150,418763
N20001783,Foyleside_E3,242405,418631
N20001784,Foyleside_D2,243601,418492
N20001785,Foyleside_E4,242002,418604
N20001786,Foyleside_C4,241274,418536
N20001787,Foyleside_D3,242736,418352
N20001788,Foyleside_E5,242347,418366
N20001789,Foyleside_F1,243562,418152
N20001790,Foyleside_D4,243296,418146
N20001791,Foyleside_D5,242794,418180
N20001792,Foyleside_E6,242195,418126
N20001793,Foyleside_D6,243073,418075
N20001794,Foyleside_D7,243054,417990
N20001795,Foyleside_G1,243033,417770
N20001796,Foyleside_G2,242586,417674
N20001797,Foyleside_F2,243479,417799
N20001798,Foyleside_F3,243196,417617
N20001799,Foyleside_G3,242750,417674
N20001800,Foyleside_G4,242996,417505
N20001801,Foyleside_F4,243182,417266
N20001802,Foyleside_F5,243289,417245
N20001803,Ballyarnett_A1,246864,422933
N20001804,Ballyarnett_A2,246201,422558
N20001805,Ballyarnett_A3,246740,422531
N20001806,Ballyarnett_C1,246272,422221
N20001807,Ballyarnett_A4,246556,422202
N20001808,Ballyarnett_D1,244016,421616
N20001809,Ballyarnett_D2,244497,420971
N20001810,Ballyarnett_D3,244306,421577
N20001811,Ballyarnett_B1,243032,421526
N20001812,Ballyarnett_C2,245627,421969
N20001813,Ballyarnett_B2,242824,421365
N20001814,Ballyarnett_D4,243911,421391
N20001815,Ballyarnett_B3,242854,421123
N20001816,Ballyarnett_D5,243785,421145
N20001817,Ballyarnett_B4,243165,421137
N20001818,Ballyarnett_E1,242608,420994
N20001819,Ballyarnett_F1,243491,420890
N20001820,Ballyarnett_J1,242175,420499
N20001821,Ballyarnett_E2,242855,420872
N20001822,Ballyarnett_G1,243069,420801
N20001823,Ballyarnett_E3,242635,420826
N20001824,Ballyarnett_H1,245063,420793
N20001825,Ballyarnett_H2,244673,420738
N20001826,Ballyarnett_D6,244436,420696
N20001827,Ballyarnett_F2,243684,420690
N20001828,Ballyarnett_F3,243933,420537
N20001829,Ballyarnett_E4,242539,420534
N20001830,Ballyarnett_K1,244205,420506
N20001831,Ballyarnett_F4,243413,420453
N20001832,Ballyarnett_G2,242968,420466
N20001833,Ballyarnett_J2,241746,420475
N20001834,Ballyarnett_H3,244693,420400
N20001835,Ballyarnett_G3,242898,420321
N20001836,Ballyarnett_K2,244139,420289
N20001837,Ballyarnett_G4,243271,420221
N20001838,Ballyarnett_K3,244044,420114
N20001839,Ballyarnett_J3,242466,420250
N20001840,Ballyarnett_H4,244456,420128
N20001841,Ballyarnett_G5,243008,420046
N20001842,Ballyarnett_G6,242761,419982
N20001843,Ballyarnett_L1,243540,419867
N20001844,Ballyarnett_K4,244120,419849
N20001845,Ballyarnett_L2,243300,419703
N20001846,Ballyarnett_J4,242667,419817
N20001847,Ballyarnett_L3,243912,419526
N20001848,Ballyarnett_L4,243554,419514
N20001849,Ballyarnett_J5,243317,419232
N20001850,Waterside_A1,245499,417873
N20001851,Waterside_A2,245960,418234
N20001852,Waterside_B1,245888,417775
N20001853,Waterside_B2,246245,417675
N20001854,Waterside_A3,244578,417462
N20001855,Waterside_A4,245125,417529
N20001856,Waterside_B3,245930,417515
N20001857,Waterside_B4,245701,417430
N20001858,Waterside_C1,246698,417394
N20001859,Waterside_C2,246232,417219
N20001860,Waterside_A5,244698,417205
N20001861,Waterside_C3,246754,417119
N20001862,Waterside_D1,245393,417055
N20001863,Waterside_D2,245835,417026
N20001864,Waterside_D3,245127,417067
N20001865,Waterside_D4,245484,416896
N20001866,Waterside_E1,244386,416842
N20001867,Waterside_C4,246080,416852
N20001868,Waterside_E2,244956,416813
N20001869,Waterside_E3,244758,416724
N20001870,Waterside_E4,244258,416592
N20001871,Waterside_D5,245941,416646
N20001872,Waterside_C5,246395,416621
N20001873,Waterside_F1,245162,416516
N20001874,Waterside_E5,244497,416368
N20001875,Waterside_F2,245401,416485
N20001876,Waterside_G1,244948,416475
N20001877,Waterside_L1,244152,416415
N20001878,Waterside_F3,245988,416302
N20001879,Waterside_F4,245608,416324
N20001880,Waterside_G2,244776,416184
N20001881,Waterside_G3,244304,416258
N20001882,Waterside_G4,244530,416176
N20001883,Waterside_L2,244096,416003
N20001884,Waterside_H1,245674,416005
N20001885,Waterside_G5,244492,415802
N20001886,Waterside_J1,244988,415602
N20001887,Waterside_N1,244075,415644
N20001888,Waterside_H2,245867,415715
N20001889,Waterside_L3,243412,415474
N20001890,Waterside_N2,243843,415505
N20001891,Waterside_H3,245395,415609
N20001892,Waterside_N3,244252,415283
N20001893,Waterside_K1,246646,415194
N20001894,Waterside_K2,246389,414878
N20001895,Waterside_J2,244940,415149
N20001896,Waterside_J3,244445,415092
N20001897,Waterside_K3,245683,414814
N20001898,Waterside_K4,247209,414807
N20001899,Waterside_K5,246624,414934
N20001900,Waterside_J4,245127,414834
N20001901,Waterside_N4,243802,415247
N20001902,Waterside_P1,245571,414513
N20001903,Waterside_P2,245872,414298
N20001904,Waterside_L4,243209,415164
N20001905,Waterside_P3,245613,414257
N20001906,Waterside_P4,245917,414092
N20001907,Waterside_P5,245370,414540
N20001908,Faughan_D1,251537,421586
N20001909,Faughan_A1,247003,421022
N20001910,Faughan_A2,246830,420842
N20001911,Faughan_A3,247159,420737
N20001912,Faughan_A4,246784,420487
N20001913,Faughan_A5,246427,420408
N20001914,Faughan_B1,252882,420583
N20001915,Faughan_D2,249886,420245
N20001916,Faughan_B2,252867,420078
N20001917,Faughan_C1,252030,419970
N20001918,Faughan_C2,252513,419932
N20001919,Faughan_C3,252462,419524
N20001920,Faughan_C4,252755,419554
N20001921,Faughan_D3,247575,419926
N20001922,Faughan_D4,249048,417320
N20001923,Faughan_E1,252339,416409
N20001924,Faughan_D5,250348,415060
N20001925,Faughan_G1,242186,414563
N20001926,Faughan_G2,242019,414651
N20001927,Faughan_E2,255443,412761
N20001928,Faughan_F1,241531,413126
N20001929,Faughan_E3,248070,413739
N20001930,Faughan_F2,241312,412576
N20001931,Faughan_F3,241564,412594
N20001932,Faughan_F4,241160,412174
N20001933,Faughan_F5,241417,412291
N20001934,Faughan_F6,241225,411844
N20001935,Faughan_G3,244343,411614
N20001936,Faughan_E4,252310,410903
N20001937,Faughan_E5,248288,411270
N20001938,Faughan_E6,247287,412306
N20001939,Faughan_G4,239384,410461
N20001940,Faughan_G5,240091,410063
N20001941,Faughan_G6,238178,409099
N20001942,Faughan_H1,254188,407743
N20001943,Faughan_H2,254447,407352
N20001944,Faughan_H3,253921,407607
N20001945,Faughan_G7,237150,406495
N20001946,Sperrin_A1,257586,406711
N20001947,Sperrin_B1,240560,406159
N20001948,Sperrin_B2,247261,405997
N20001949,Sperrin_A2,259097,404541
N20001950,Sperrin_B3,241518,403576
N20001951,Sperrin_B4,237577,402796
N20001952,Sperrin_C1,244394,402914
N20001953,Sperrin_A3,258914,402267
N20001954,Sperrin_F1,251727,403366
N20001955,Sperrin_B5,238381,401313
N20001956,Sperrin_F2,256746,402307
N20001957,Sperrin_C2,236718,401221
N20001958,Sperrin_C3,238093,401046
N20001959,Sperrin_C4,241332,400571
N20001960,Sperrin_D1,235397,399400
N20001961,Sperrin_C5,236366,400502
N20001962,Sperrin_D2,235131,399060
N20001963,Sperrin_D3,234564,398231
N20001964,Sperrin_D4,235395,398128
N20001965,Sperrin_E1,234293,397881
N20001966,Sperrin_D5,235059,397897
N20001967,Sperrin_D6,235470,397742
N20001968,Sperrin_C6,242702,399143
N20001969,Sperrin_E2,234704,397825
N20001970,Sperrin_E3,233984,397585
N20001971,Sperrin_F3,247797,399979
N20001972,Sperrin_E4,234379,397525
N20001973,Sperrin_G1,235163,397342
N20001974,Sperrin_H1,233775,397360
N20001975,Sperrin_G2,234879,397365
N20001976,Sperrin_H2,234273,397262
N20001977,Sperrin_H3,233731,397064
N20001978,Sperrin_G3,234603,396965
N20001979,Sperrin_G4,234405,396996
N20001980,Sperrin_H4,233999,396924
N20001981,Sperrin_F4,261060,393612
N20001982,Sperrin_G5,235335,396990
N20001983,Sperrin_G6,234739,396827
N20001984,Sperrin_H5,233636,396417
N20001985,Sperrin_H6,233581,396150
N20001986,Sperrin_J1,234367,396065
N20001987,Sperrin_J2,233900,396038
N20001988,Sperrin_K1,237042,396205
N20001989,Sperrin_F5,251775,391851
N20001990,Sperrin_K2,242902,390969
N20001991,Sperrin_K3,239466,390397
N20001992,Sperrin_K4,236393,390714
N20001993,Sperrin_K5,247699,390537
N20001994,Derg_A1,233299,397143
N20001995,Derg_A2,233136,396871
N20001996,Derg_A3,233369,396793
N20001997,Derg_A4,233737,395524
N20001998,Derg_C1,231721,394286
N20001999,Derg_C2,229698,394062
N20002000,Derg_B1,233757,393368
N20002001,Derg_B2,233817,393607
N20002002,Derg_B3,233915,393092
N20002003,Derg_C3,232397,393182
N20002004,Derg_B4,233954,392773
N20002005,Derg_C4,230375,392896
N20002006,Derg_C5,233121,392199
N20002007,Derg_D1,234550,388992
N20002008,Derg_D2,229758,386554
N20002009,Derg_E1,239967,385814
N20002010,Derg_E2,239701,385662
N20002011,Derg_E3,239999,385446
N20002012,Derg_F1,226311,385232
N20002013,Derg_D3,229064,385465
N20002014,Derg_F2,226079,385240
N20002015,Derg_H1,224584,384290
N20002016,Derg_F3,226415,384980
N20002017,Derg_G1,236912,386296
N20002018,Derg_F4,225392,384733
N20002019,Derg_H2,222406,384485
N20002020,Derg_F5,225919,384718
N20002021,Derg_F6,226506,384625
N20002022,Derg_F7,226471,384398
N20002023,Derg_H3,218198,383067
N20002024,Derg_G2,233466,382095
N20002025,Derg_G3,228687,381305
N20002026,Derg_H4,217613,379720
N20002027,Derg_H5,223036,380288
N20002028,Derg_H6,225559,379882
N20002029,Erne_East_A1,238618,345492
N20002030,Erne_East_A2,241700,344000
N20002031,Erne_East_B1,244213,342139
N20002032,Erne_East_A3,233923,340737
N20002033,Erne_East_A4,236246,340870
N20002034,Erne_East_C1,238264,340518
N20002035,Erne_East_C2,235145,338540
N20002036,Erne_East_C3,234491,338427
N20002037,Erne_East_B2,241922,337794
N20002038,Erne_East_B3,252267,334954
N20002039,Erne_East_A5,230669,336740
N20002040,Erne_East_D1,235480,334927
N20002041,Erne_East_C4,234691,335667
N20002042,Erne_East_D2,235646,334460
N20002043,Erne_East_D3,236120,334147
N20002044,Erne_East_E1,238881,333540
N20002045,Erne_East_D4,236198,333461
N20002046,Erne_East_D5,236672,333181
N20002047,Erne_East_D6,236077,333154
N20002048,Erne_East_E2,242605,332262
N20002049,Erne_East_B4,254111,332644
N20002050,Erne_East_E3,250565,332435
N20002051,Erne_East_F1,236864,329424
N20002052,Erne_East_E4,246333,328983
N20002053,Erne_East_E5,242560,327502
N20002054,Erne_East_F2,241765,326208
N20002055,Erne_East_F3,240759,324373
N20002056,Erne_East_F4,244803,325168
N20002057,Erne_West_A1,206829,354914
N20002058,Erne_West_A2,194115,355706
N20002059,Erne_West_A3,194138,352144
N20002060,Erne_West_B1,211671,351946
N20002061,Erne_West_C1,216772,350283
N20002062,Erne_West_D1,214544,349679
N20002063,Erne_West_A4,198351,348272
N20002064,Erne_West_D2,214513,345717
N20002065,Erne_West_C2,218071,344954
N20002066,Erne_West_B2,206899,340525
N20002067,Erne_West_D3,213235,339782
N20002068,Erne_West_C3,220556,340443
N20002069,Erne_West_E1,222797,338494
N20002070,Erne_West_E2,224404,337653
N20002071,Erne_West_C4,220231,335774
N20002072,Erne_West_D4,213087,336461
N20002073,Erne_West_D5,217605,334389
N20002074,Erne_West_F1,221716,331745
N20002075,Erne_West_E3,225475,331192
N20002076,Erne_West_F2,224431,329333
N20002077,Erne_West_E4,228116,327770
N20002078,Erne_West_F3,230546,327195
N20002079,Erne_West_F4,227472,324796
N20002080,Erne_West_F5,231602,322033
N20002081,Enniskillen_A1,219807,358370
N20002082,Enniskillen_A2,224191,353799
N20002083,Enniskillen_A3,221822,353184
N20002084,Enniskillen_A4,223367,349621
N20002085,Enniskillen_D1,221334,345825
N20002086,Enniskillen_B1,223675,345395
N20002087,Enniskillen_D2,221203,345660
N20002088,Enniskillen_F1,224694,345464
N20002089,Enniskillen_B2,224228,345639
N20002090,Enniskillen_C1,226449,345418
N20002091,Enniskillen_B3,223897,345226
N20002092,Enniskillen_C2,225479,345086
N20002093,Enniskillen_C3,225245,345090
N20002094,Enniskillen_D3,221911,344946
N20002095,Enniskillen_B4,223437,344920
N20002096,Enniskillen_E1,223006,344770
N20002097,Enniskillen_C4,225611,344805
N20002098,Enniskillen_B5,223990,344641
N20002099,Enniskillen_F2,224595,344591
N20002100,Enniskillen_G1,227739,344367
N20002101,Enniskillen_E2,223231,344704
N20002102,Enniskillen_F3,224353,344197
N20002103,Enniskillen_E3,222749,344258
N20002104,Enniskillen_F4,224764,344220
N20002105,Enniskillen_E4,222887,344168
N20002106,Enniskillen_D4,222185,344274
N20002107,Enniskillen_E5,223590,344037
N20002108,Enniskillen_D5,222518,343924
N20002109,Enniskillen_G2,230093,343413
N20002110,Enniskillen_H1,224176,343492
N20002111,Enniskillen_H2,223402,343281
N20002112,Enniskillen_H3,222508,343104
N20002113,Enniskillen_F5,224811,342992
N20002114,Enniskillen_H4,222899,343114
N20002115,Enniskillen_H5,222078,342844
N20002116,Enniskillen_H6,222025,342403
N20002117,Enniskillen_G3,229971,341184
N20002118,Enniskillen_G4,230794,340982
N20002119,Enniskillen_G5,229959,340637
N20002120,Enniskillen_G6,227761,340898
N20002121,Erne_North_B1,217013,367942
N20002122,Erne_North_A1,221598,366204
N20002123,Erne_North_C1,226133,365499
N20002124,Erne_North_A2,222129,364905
N20002125,Erne_North_B2,207926,364229
N20002126,Erne_North_A3,218142,363590
N20002127,Erne_North_A4,218072,363089
N20002128,Erne_North_B3,198239,360146
N20002129,Erne_North_C2,225602,361131
N20002130,Erne_North_C3,219947,361000
N20002131,Erne_North_B4,194436,359376
N20002132,Erne_North_D1,223587,358757
N20002133,Erne_North_D2,224413,358508
N20002134,Erne_North_D3,223639,358419
N20002135,Erne_North_D4,222897,358463
N20002136,Erne_North_D5,223980,358376
N20002137,Erne_North_B5,194433,358890
N20002138,Erne_North_D6,223883,357951
N20002139,Erne_North_F1,226855,355198
N20002140,Erne_North_E1,226229,353299
N20002141,Erne_North_E2,226449,352696
N20002142,Erne_North_F2,238522,351426
N20002143,Erne_North_E3,226016,352037
N20002144,Erne_North_F3,231475,350128
N20002145,Erne_North_G1,226322,349345
N20002146,Erne_North_G2,235072,347967
N20002147,Erne_North_F4,237995,349020
N20002148,Erne_North_G3,231760,346520
N20002149,Erne_North_G4,225404,345560
N20002150,West_Tyrone_A1,241563,379529
N20002151,West_Tyrone_A2,239808,376995
N20002152,West_Tyrone_B1,233073,375206
N20002153,West_Tyrone_A3,239117,374004
N20002154,West_Tyrone_B2,233620,373551
N20002155,West_Tyrone_B3,229202,373484
N20002156,West_Tyrone_A4,240904,371621
N20002157,West_Tyrone_C1,236781,368074
N20002158,West_Tyrone_A5,242973,369128
N20002159,West_Tyrone_C2,239449,368457
N20002160,West_Tyrone_E1,231013,364526
N20002161,West_Tyrone_C3,240568,365813
N20002162,West_Tyrone_E2,236266,364070
N20002163,West_Tyrone_E3,233878,363736
N20002164,West_Tyrone_F1,247267,363052
N20002165,West_Tyrone_C4,242701,362668
N20002166,West_Tyrone_G1,235386,363287
N20002167,West_Tyrone_G2,234928,362982
N20002168,West_Tyrone_F2,252562,362913
N20002169,West_Tyrone_G3,234975,362335
N20002170,West_Tyrone_D1,244034,361344
N20002171,West_Tyrone_D2,244701,361293
N20002172,West_Tyrone_D3,244194,361127
N20002173,West_Tyrone_F3,253873,359891
N20002174,West_Tyrone_G4,234955,359700
N20002175,West_Tyrone_E4,229684,359260
N20002176,West_Tyrone_F4,247547,359484
N20002177,West_Tyrone_C5,243119,357934
N20002178,West_Tyrone_G5,236234,356100
N20002179,West_Tyrone_G6,234749,354356
N20002180,West_Tyrone_E5,231025,354855
N20002181,Omagh_C1,243437,374182
N20002182,Omagh_A1,246105,374007
N20002183,Omagh_B1,244556,374002
N20002184,Omagh_B2,245383,373989
N20002185,Omagh_A2,246170,373743
N20002186,Omagh_A3,245703,373761
N20002187,Omagh_A4,246937,373647
N20002188,Omagh_C2,244015,373493
N20002189,Omagh_A5,245907,373585
N20002190,Omagh_A6,247402,373570
N20002191,Omagh_A7,246488,373675
N20002192,Omagh_D1,245671,373351
N20002193,Omagh_C3,244266,373156
N20002194,Omagh_C4,243868,372546
N20002195,Omagh_D2,245674,372762
N20002196,Omagh_E1,246854,373075
N20002197,Omagh_E2,246574,372724
N20002198,Omagh_D3,244622,372798
N20002199,Omagh_D4,245402,372688
N20002200,Omagh_E3,246736,372597
N20002201,Omagh_G1,246254,372490
N20002202,Omagh_C5,243784,372323
N20002203,Omagh_F1,244096,372449
N20002204,Omagh_F2,244349,372559
N20002205,Omagh_H1,244904,372383
N20002206,Omagh_E4,246568,372355
N20002207,Omagh_E5,247524,372198
N20002208,Omagh_H2,245204,372117
N20002209,Omagh_G2,246322,372108
N20002210,Omagh_F3,244117,372051
N20002211,Omagh_G3,245505,372053
N20002212,Omagh_H3,244366,371925
N20002213,Omagh_H4,244932,371696
N20002214,Omagh_C6,243658,371962
N20002215,Omagh_F4,243936,371757
N20002216,Omagh_H5,245212,371668
N20002217,Omagh_G4,246931,371997
N20002218,Omagh_G5,245371,371386
N20002219,Omagh_H6,244665,371372
N20002220,Omagh_G6,245912,371094
N20002221,Mid_Tyrone_A1,254453,387405
N20002222,Mid_Tyrone_B1,247799,386378
N20002223,Mid_Tyrone_A2,257525,383945
N20002224,Mid_Tyrone_A3,261701,381955
N20002225,Mid_Tyrone_B2,252558,383832
N20002226,Mid_Tyrone_B3,245842,381452
N20002227,Mid_Tyrone_B4,244918,380019
N20002228,Mid_Tyrone_A4,256828,378063
N20002229,Mid_Tyrone_B5,253438,377728
N20002230,Mid_Tyrone_B6,245424,377160
N20002231,Mid_Tyrone_A5,260816,376170
N20002232,Mid_Tyrone_D1,249615,374991
N20002233,Mid_Tyrone_C1,246273,374357
N20002234,Mid_Tyrone_D2,252482,374393
N20002235,Mid_Tyrone_D3,256219,374808
N20002236,Mid_Tyrone_C2,245133,374310
N20002237,Mid_Tyrone_E1,259512,374510
N20002238,Mid_Tyrone_C3,247634,373785
N20002239,Mid_Tyrone_D4,257495,372794
N20002240,Mid_Tyrone_E2,263440,372598
N20002241,Mid_Tyrone_E3,261693,372269
N20002242,Mid_Tyrone_D5,251087,372475
N20002243,Mid_Tyrone_E4,259463,371109
N20002244,Mid_Tyrone_G1,256534,368616
N20002245,Mid_Tyrone_F1,247416,368756
N20002246,Mid_Tyrone_F2,251382,368376
N20002247,Mid_Tyrone_G2,254169,367207
N20002248,Mid_Tyrone_E5,261809,367538
N20002249,Mid_Tyrone_F3,248483,365792
N20002250,Mid_Tyrone_G3,255702,365677
N20002251,Mid_Tyrone_G4,258409,364016
N20002252,Downshire_West_A1,327302,363942
N20002253,Downshire_West_A2,327026,363677
N20002254,Downshire_West_A3,327479,363652
N20002255,Downshire_West_A4,327288,363586
N20002256,Downshire_West_A5,326695,363075
N20002257,Downshire_West_A6,325844,362623
N20002258,Downshire_West_B1,322921,362281
N20002259,Downshire_West_B2,321976,362027
N20002260,Downshire_West_B3,326334,362045
N20002261,Downshire_West_B4,322068,361261
N20002262,Downshire_West_C1,314579,360838
N20002263,Downshire_West_D1,315234,360659
N20002264,Downshire_West_C2,314367,360653
N20002265,Downshire_West_D2,315116,360572
N20002266,Downshire_West_C3,314133,360611
N20002267,Downshire_West_D3,314646,360512
N20002268,Downshire_West_G1,316787,361284
N20002269,Downshire_West_E1,323664,360346
N20002270,Downshire_West_D4,315160,360281
N20002271,Downshire_West_D5,315617,360176
N20002272,Downshire_West_D6,314859,360194
N20002273,Downshire_West_C4,314342,360061
N20002274,Downshire_West_E2,323980,360241
N20002275,Downshire_West_C5,314609,359943
N20002276,Downshire_West_G2,319075,360064
N20002277,Downshire_West_B5,321860,359815
N20002278,Downshire_West_F1,324882,359156
N20002279,Downshire_West_F2,324362,359149
N20002280,Downshire_West_F3,325159,359097
N20002281,Downshire_West_E3,323724,358870
N20002282,Downshire_West_F4,324984,358928
N20002283,Downshire_West_F5,324367,358724
N20002284,Downshire_West_G3,319444,357386
N20002285,Downshire_West_G4,324651,356395
N20002286,Downshire_West_G5,324759,354593
N20002287,Killultagh_B1,319586,374623
N20002288,Killultagh_A1,315415,373472
N20002289,Killultagh_B2,323239,372876
N20002290,Killultagh_A2,315305,372890
N20002291,Killultagh_A3,315633,372939
N20002292,Killultagh_A4,315343,372505
N20002293,Killultagh_C1,314202,371258
N20002294,Killultagh_C2,317566,371087
N20002295,Killultagh_C3,312258,370156
N20002296,Killultagh_B3,321608,370373
N20002297,Killultagh_B4,324251,368953
N20002298,Killultagh_C4,318282,369304
N20002299,Killultagh_C5,314235,368830
N20002300,Killultagh_F1,313016,367699
N20002301,Killultagh_G1,322327,367344
N20002302,Killultagh_G2,318894,367867
N20002303,Killultagh_F2,312695,367140
N20002304,Killultagh_F3,315797,366837
N20002305,Killultagh_D1,325915,366530
N20002306,Killultagh_D2,324892,366450
N20002307,Killultagh_D3,325682,366420
N20002308,Killultagh_E1,324650,366403
N20002309,Killultagh_E2,324244,366438
N20002310,Killultagh_D4,325533,366223
N20002311,Killultagh_G3,321577,366089
N20002312,Killultagh_E3,324552,366233
N20002313,Killultagh_E4,324332,366163
N20002314,Killultagh_E5,324054,366167
N20002315,Killultagh_E6,324401,365997
N20002316,Killultagh_E7,324037,366018
N20002317,Killultagh_C6,312197,365140
N20002318,Killultagh_G4,317387,364377
N20002319,Killultagh_F4,312948,364808
N20002320,Killultagh_H1,317313,363758
N20002321,Killultagh_H2,317698,363587
N20002322,Killultagh_H3,317085,363464
N20002323,Killultagh_H4,317490,363479
N20002324,Killultagh_G5,320418,363157
N20002325,Killultagh_H5,317241,363192
N20002326,Lisburn_South_A1,325393,366099
N20002327,Lisburn_South_A2,325120,366041
N20002328,Lisburn_South_A3,324860,365923
N20002329,Lisburn_South_B1,324328,365682
N20002330,Lisburn_South_C1,325650,365750
N20002331,Lisburn_South_C2,325344,365716
N20002332,Lisburn_South_B2,324849,365671
N20002333,Lisburn_South_C3,325443,365555
N20002334,Lisburn_South_B3,324638,365455
N20002335,Lisburn_South_B4,324337,365404
N20002336,Lisburn_South_E1,324136,365360
N20002337,Lisburn_South_C4,325170,365416
N20002338,Lisburn_South_C5,325647,365271
N20002339,Lisburn_South_C6,325438,365189
N20002340,Lisburn_South_D1,324769,365243
N20002341,Lisburn_South_D2,324531,365170
N20002342,Lisburn_South_G1,323726,365039
N20002343,Lisburn_South_C7,325443,365035
N20002344,Lisburn_South_E2,324042,365101
N20002345,Lisburn_South_D3,324959,364910
N20002346,Lisburn_South_F1,325434,364877
N20002347,Lisburn_South_D4,324483,364795
N20002348,Lisburn_South_D5,325005,364759
N20002349,Lisburn_South_E3,323876,364745
N20002350,Lisburn_South_F2,325479,364678
N20002351,Lisburn_South_G2,323666,364694
N20002352,Lisburn_South_F3,325665,364511
N20002353,Lisburn_South_E4,324688,364625
N20002354,Lisburn_South_H1,325217,364433
N20002355,Lisburn_South_H2,325769,364307
N20002356,Lisburn_South_J1,326075,364191
N20002357,Lisburn_South_H3,325453,364176
N20002358,Lisburn_South_E5,324393,364143
N20002359,Lisburn_South_H4,325695,364156
N20002360,Lisburn_South_E6,324215,364206
N20002361,Lisburn_South_G3,324755,364057
N20002362,Lisburn_South_H5,325562,363976
N20002363,Lisburn_South_H6,325930,363927
N20002364,Lisburn_South_G4,324129,363742
N20002365,Lisburn_South_K1,325321,363824
N20002366,Lisburn_South_J2,326052,363674
N20002367,Lisburn_South_G5,324854,363873
N20002368,Lisburn_South_K2,325082,363799
N20002369,Lisburn_South_G6,324530,363738
N20002370,Lisburn_South_K3,325506,363627
N20002371,Lisburn_South_K4,325568,363502
N20002372,Lisburn_South_J3,326367,363293
N20002373,Lisburn_South_J4,326072,363361
N20002374,Lisburn_South_K5,325750,363108
N20002375,Lisburn_South_K6,325830,362940
N20002376,Lisburn_North_A1,328895,368217
N20002377,Lisburn_North_B1,326667,367985
N20002378,Lisburn_North_D1,327637,367729
N20002379,Lisburn_North_A2,328669,367955
N20002380,Lisburn_North_C1,329078,367874
N20002381,Lisburn_North_B2,327002,367767
N20002382,Lisburn_North_C2,328912,367735
N20002383,Lisburn_North_A3,328493,367654
N20002384,Lisburn_North_B3,326539,367698
N20002385,Lisburn_North_D2,327921,367633
N20002386,Lisburn_North_C3,328782,367284
N20002387,Lisburn_North_C4,328414,367518
N20002388,Lisburn_North_C5,328784,367421
N20002389,Lisburn_North_D3,328007,367354
N20002390,Lisburn_North_E1,327026,367026
N20002391,Lisburn_North_E2,326854,366831
N20002392,Lisburn_North_E3,326405,366844
N20002393,Lisburn_North_F1,327136,366671
N20002394,Lisburn_North_F2,327201,366428
N20002395,Lisburn_North_E4,326464,366403
N20002396,Lisburn_North_F3,327454,366387
N20002397,Lisburn_North_F4,327720,366303
N20002398,Lisburn_North_F5,327068,366281
N20002399,Lisburn_North_G1,326416,366220
N20002400,Lisburn_North_F6,326904,366185
N20002401,Lisburn_North_H1,327261,366012
N20002402,Lisburn_North_F7,327007,365980
N20002403,Lisburn_North_D4,328453,366150
N20002404,Lisburn_North_G2,326338,365561
N20002405,Lisburn_North_H2,327130,365709
N20002406,Lisburn_North_H3,327353,365460
N20002407,Lisburn_North_J1,327952,365539
N20002408,Lisburn_North_G3,326793,365538
N20002409,Lisburn_North_J2,327815,365528
N20002410,Lisburn_North_H4,326935,365345
N20002411,Lisburn_North_J3,327401,365106
N20002412,Lisburn_North_G4,326147,365146
N20002413,Lisburn_North_H5,326859,365080
N20002414,Lisburn_North_J4,327899,365101
N20002415,Lisburn_North_J5,327793,364880
N20002416,Lisburn_North_G5,325872,364916
N20002417,Lisburn_North_G6,326371,364789
N20002418,Lisburn_North_K1,327374,364640
N20002419,Lisburn_North_K2,326965,364598
N20002420,Lisburn_North_K3,327610,364621
N20002421,Lisburn_North_K4,326846,364330
N20002422,Lisburn_North_K5,326371,364223
N20002423,Lisburn_North_K6,326791,363867
N20002424,Downshire_East_A1,330433,366569
N20002425,Downshire_East_A2,333495,366540
N20002426,Downshire_East_A3,331910,365513
N20002427,Downshire_East_A4,329471,366041
N20002428,Downshire_East_B1,327490,364259
N20002429,Downshire_East_B2,327874,364325
N20002430,Downshire_East_A5,334122,364530
N20002431,Downshire_East_B3,327921,364208
N20002432,Downshire_East_B4,327469,364153
N20002433,Downshire_East_A6,331429,364379
N20002434,Downshire_East_A7,332299,364470
N20002435,Downshire_East_C1,327936,363916
N20002436,Downshire_East_C2,328060,363624
N20002437,Downshire_East_C3,328171,363469
N20002438,Downshire_East_D1,330906,362348
N20002439,Downshire_East_D2,335597,361298
N20002440,Downshire_East_E1,328221,360833
N20002441,Downshire_East_E2,326138,360272
N20002442,Downshire_East_D3,332201,359911
N20002443,Downshire_East_E3,325203,359455
N20002444,Downshire_East_E4,328033,359826
N20002445,Downshire_East_D4,333336,357706
N20002446,Downshire_East_E5,328450,356683
N20002447,Downshire_East_F1,330948,356170
N20002448,Downshire_East_E6,329668,356033
N20002449,Downshire_East_F2,330513,355534
N20002450,Downshire_East_F3,329243,354492
N20002451,Downshire_East_G1,327777,352206
N20002452,Downshire_East_F4,331839,351650
N20002453,Downshire_East_G2,329952,350162
N20002454,Downshire_East_G3,328734,349547
N20002455,Downshire_East_G4,329115,349423
N20002456,Castlereagh_South_A1,335619,369995
N20002457,Castlereagh_South_A2,335694,369863
N20002458,Castlereagh_South_B1,336292,369812
N20002459,Castlereagh_South_A3,335967,369766
N20002460,Castlereagh_South_B2,336242,369529
N20002461,Castlereagh_South_C1,335035,369537
N20002462,Castlereagh_South_C2,335225,369529
N20002463,Castlereagh_South_A4,335559,369568
N20002464,Castlereagh_South_B3,335914,369506
N20002465,Castlereagh_South_B4,336397,369344
N20002466,Castlereagh_South_C3,335213,369327
N20002467,Castlereagh_South_B5,336049,369276
N20002468,Castlereagh_South_A5,335572,369180
N20002469,Castlereagh_South_B6,336504,369107
N20002470,Castlereagh_South_C4,335212,369046
N20002471,Castlereagh_South_B7,336301,369073
N20002472,Castlereagh_South_E1,335991,368981
N20002473,Castlereagh_South_D1,335412,368793
N20002474,Castlereagh_South_D2,334676,368605
N20002475,Castlereagh_South_D3,335761,368777
N20002476,Castlereagh_South_E2,336267,368635
N20002477,Castlereagh_South_D4,334388,368588
N20002478,Castlereagh_South_D5,335069,368472
N20002479,Castlereagh_South_E3,335901,368458
N20002480,Castlereagh_South_E4,336664,368379
N20002481,Castlereagh_South_F1,334697,368291
N20002482,Castlereagh_South_E5,336124,368295
N20002483,Castlereagh_South_E6,336603,368571
N20002484,Castlereagh_South_F2,335253,367196
N20002485,Castlereagh_South_J1,336659,366390
N20002486,Castlereagh_South_J2,336839,366067
N20002487,Castlereagh_South_J3,337107,366050
N20002488,Castlereagh_South_J4,337056,365627
N20002489,Castlereagh_South_G1,336370,365410
N20002490,Castlereagh_South_G2,336734,365207
N20002491,Castlereagh_South_G3,336321,365168
N20002492,Castlereagh_South_H1,337169,364819
N20002493,Castlereagh_South_H2,337025,364820
N20002494,Castlereagh_South_H3,336466,364726
N20002495,Castlereagh_South_G4,336251,364632
N20002496,Castlereagh_South_H4,336715,364528
N20002497,Castlereagh_South_H5,336441,364411
N20002498,Castlereagh_South_J5,338454,363939
N20002499,Castlereagh_South_J6,336974,363511
N20002500,Castlereagh_East_A1,342349,374766
N20002501,Castlereagh_East_A2,342666,374531
N20002502,Castlereagh_East_C1,342285,374483
N20002503,Castlereagh_East_C2,341977,374467
N20002504,Castlereagh_East_C3,342061,374288
N20002505,Castlereagh_East_B1,343587,374292
N20002506,Castlereagh_East_C4,342186,374313
N20002507,Castlereagh_East_C5,341928,374119
N20002508,Castlereagh_East_D1,341270,373915
N20002509,Castlereagh_East_B2,343817,374145
N20002510,Castlereagh_East_E1,342484,373947
N20002511,Castlereagh_East_A3,342758,373922
N20002512,Castlereagh_East_E2,342253,373883
N20002513,Castlereagh_East_B3,343319,373877
N20002514,Castlereagh_East_A4,343049,373788
N20002515,Castlereagh_East_B4,343575,373729
N20002516,Castlereagh_East_D2,341428,373669
N20002517,Castlereagh_East_E3,342489,373695
N20002518,Castlereagh_East_B5,343758,373627
N20002519,Castlereagh_East_D3,341241,373633
N20002520,Castlereagh_East_C6,341913,373496
N20002521,Castlereagh_East_F1,342770,373605
N20002522,Castlereagh_East_F2,342622,373510
N20002523,Castlereagh_East_F3,343143,373521
N20002524,Castlereagh_East_D4,341642,373466
N20002525,Castlereagh_East_E4,342296,373414
N20002526,Castlereagh_East_H1,343311,373416
N20002527,Castlereagh_East_F4,342927,373316
N20002528,Castlereagh_East_H2,343496,373265
N20002529,Castlereagh_East_F5,342590,373271
N20002530,Castlereagh_East_E5,342478,373286
N20002531,Castlereagh_East_G1,341239,373192
N20002532,Castlereagh_East_G2,342010,373126
N20002533,Castlereagh_East_H3,342914,373102
N20002534,Castlereagh_East_G3,341644,373042
N20002535,Castlereagh_East_H4,342601,372825
N20002536,Castlereagh_East_G4,341883,372855
N20002537,Castlereagh_East_G5,342187,372753
N20002538,Castlereagh_East_H5,343262,372638
N20002539,Castlereagh_East_H6,343406,372646
N20002540,Castlereagh_East_J1,340419,371088
N20002541,Castlereagh_East_J2,342041,370518
N20002542,Castlereagh_East_J3,339063,369483
N20002543,Castlereagh_East_J4,338041,369784
N20002544,Castlereagh_East_K1,340486,367189
N20002545,Castlereagh_East_K2,340432,366872
N20002546,Castlereagh_East_K3,340679,366854
N20002547,Castlereagh_East_J5,338857,367040
N20002548,Bannside_A1,303294,413370
N20002549,Bannside_A2,303416,409174
N20002550,Bannside_C1,301569,407074
N20002551,Bannside_A3,304336,406507
N20002552,Bannside_C2,297475,407907
N20002553,Bannside_C3,299150,406638
N20002554,Bannside_B1,306077,405976
N20002555,Bannside_B2,305578,406053
N20002556,Bannside_B3,305903,406054
N20002557,Bannside_B4,306428,405734
N20002558,Bannside_B5,305832,405726
N20002559,Bannside_B6,306176,405450
N20002560,Bannside_D1,298485,404228
N20002561,Bannside_D2,297777,404024
N20002562,Bannside_D3,298211,404059
N20002563,Bannside_C4,301595,404247
N20002564,Bannside_A4,305862,403768
N20002565,Bannside_E1,308114,402984
N20002566,Bannside_E2,307831,403023
N20002567,Bannside_E3,307627,402673
N20002568,Bannside_E4,307969,402717
N20002569,Bannside_E5,308347,402679
N20002570,Bannside_E6,308966,402234
N20002571,Bannside_F1,304905,401987
N20002572,Bannside_F2,304589,401953
N20002573,Bannside_E7,307406,401834
N20002574,Bannside_F3,305835,401881
N20002575,Bannside_F4,305235,401687
N20002576,Bannside_G1,304570,401646
N20002577,Bannside_H1,299870,401757
N20002578,Bannside_G2,305189,401452
N20002579,Bannside_G3,304854,401440
N20002580,Bannside_H2,302508,400938
N20002581,Bannside_J1,305233,399723
N20002582,Bannside_J2,307579,398118
N20002583,Bannside_H3,301009,398509
N20002584,Bannside_J3,304010,396278
N20002585,Bannside_H4,300309,395891
N20002586,Bannside_J4,303095,395084
N20002587,Ballymena_A1,310656,405308
N20002588,Ballymena_A2,311026,405223
N20002589,Ballymena_A3,310762,405090
N20002590,Ballymena_D1,311758,404855
N20002591,Ballymena_B1,310087,404925
N20002592,Ballymena_C1,311272,404995
N20002593,Ballymena_D2,311515,404866
N20002594,Ballymena_A4,310789,404735
N20002595,Ballymena_B2,309556,404722
N20002596,Ballymena_C2,311197,404663
N20002597,Ballymena_B3,310359,404686
N20002598,Ballymena_D3,311756,404507
N20002599,Ballymena_B4,309957,404464
N20002600,Ballymena_B5,309286,404441
N20002601,Ballymena_C3,310664,404203
N20002602,Ballymena_C4,311161,404347
N20002603,Ballymena_B6,309672,404286
N20002604,Ballymena_D4,311274,404133
N20002605,Ballymena_C5,310931,404198
N20002606,Ballymena_E1,310063,404021
N20002607,Ballymena_F1,309725,404036
N20002608,Ballymena_C6,310718,403979
N20002609,Ballymena_F2,308721,403610
N20002610,Ballymena_F3,309817,403767
N20002611,Ballymena_E2,310615,403675
N20002612,Ballymena_D5,311292,403865
N20002613,Ballymena_E3,310159,403523
N20002614,Ballymena_G1,311088,403421
N20002615,Ballymena_E4,310205,403299
N20002616,Ballymena_G2,311149,403214
N20002617,Ballymena_G3,310476,403077
N20002618,Ballymena_F4,309550,402813
N20002619,Ballymena_H1,312125,402992
N20002620,Ballymena_G4,310708,402821
N20002621,Ballymena_F5,308883,402929
N20002622,Ballymena_H2,312308,402809
N20002623,Ballymena_F6,308638,402778
N20002624,Ballymena_F7,310118,402786
N20002625,Ballymena_J1,310974,402682
N20002626,Ballymena_H3,311692,402727
N20002627,Ballymena_J2,311509,402665
N20002628,Ballymena_G5,310497,402593
N20002629,Ballymena_J3,311286,402436
N20002630,Ballymena_K1,310192,402433
N20002631,Ballymena_H4,311667,402489
N20002632,Ballymena_H5,312116,402483
N20002633,Ballymena_K2,309759,402325
N20002634,Ballymena_K3,309535,401895
N20002635,Ballymena_K4,309313,401706
N20002636,Ballymena_K5,309149,401482
N20002637,Ballymena_K6,309564,401158
N20002638,Ballymena_K7,309221,401103
N20002639,Braid_A1,311670,417521
N20002640,Braid_A2,316335,417762
N20002641,Braid_A3,314228,415288
N20002642,Braid_B1,317738,412866
N20002643,Braid_C1,312099,414591
N20002644,Braid_A4,309204,414106
N20002645,Braid_A5,306584,412044
N20002646,Braid_C2,312887,411368
N20002647,Braid_C3,309144,410211
N20002648,Braid_B2,316636,408908
N20002649,Braid_B3,322844,409281
N20002650,Braid_C4,310751,408095
N20002651,Braid_B4,318908,406692
N20002652,Braid_D1,315507,406849
N20002653,Braid_C5,307122,406292
N20002654,Braid_E1,314550,406787
N20002655,Braid_C6,310422,405690
N20002656,Braid_D2,315107,406567
N20002657,Braid_E2,314565,406484
N20002658,Braid_H1,311806,405863
N20002659,Braid_D3,315329,406357
N20002660,Braid_E3,314612,406154
N20002661,Braid_E4,314373,405884
N20002662,Braid_F1,322358,404777
N20002663,Braid_H2,315883,402133
N20002664,Braid_F2,317684,403230
N20002665,Braid_G1,310997,402437
N20002666,Braid_G2,311018,402314
N20002667,Braid_J1,310467,401996
N20002668,Braid_F3,328110,400349
N20002669,Braid_G3,311020,401871
N20002670,Braid_J2,310573,401785
N20002671,Braid_G4,311278,401655
N20002672,Braid_J3,310899,401307
N20002673,Braid_G5,311035,401218
N20002674,Braid_H3,312330,400678
N20002675,Braid_H4,317253,399509
N20002676,Braid_H5,313257,398371
N20002677,Braid_F4,316812,397838
N20002678,Braid_H6,310403,397612
N20002679,Braid_F5,323027,398047
N20002680,Braid_K1,314573,396819
N20002681,Braid_K2,314341,396821
N20002682,Braid_K3,314908,396714
N20002683,Braid_K4,315288,396630
N20002684,Braid_F6,313486,396054
N20002685,Coast_Road_B1,328250,417960
N20002686,Coast_Road_A1,328620,418322
N20002687,Coast_Road_A2,328454,418058
N20002688,Coast_Road_A3,328524,417109
N20002689,Coast_Road_B2,331066,415100
N20002690,Coast_Road_B3,328337,413603
N20002691,Coast_Road_C1,334727,409125
N20002692,Coast_Road_C2,337132,407390
N20002693,Coast_Road_C3,337543,407456
N20002694,Coast_Road_C4,336044,405284
N20002695,Coast_Road_D1,339366,405148
N20002696,Coast_Road_D2,339883,404557
N20002697,Coast_Road_D3,339635,404327
N20002698,Coast_Road_D4,340149,404318
N20002699,Coast_Road_F1,338532,404050
N20002700,Coast_Road_F2,338170,403939
N20002701,Coast_Road_D5,340017,403959
N20002702,Coast_Road_E1,338773,403894
N20002703,Coast_Road_E2,339054,403657
N20002704,Coast_Road_E3,338450,403761
N20002705,Coast_Road_F3,338007,403700
N20002706,Coast_Road_F4,338279,403734
N20002707,Coast_Road_G1,340320,403684
N20002708,Coast_Road_E4,338849,403677
N20002709,Coast_Road_G2,340505,403590
N20002710,Coast_Road_H1,338544,403462
N20002711,Coast_Road_H2,338847,403324
N20002712,Coast_Road_H3,339028,403337
N20002713,Coast_Road_J1,339321,403358
N20002714,Coast_Road_G3,340401,403287
N20002715,Coast_Road_E5,339804,403215
N20002716,Coast_Road_F5,338340,403311
N20002717,Coast_Road_E6,340187,403160
N20002718,Coast_Road_G4,340409,403008
N20002719,Coast_Road_H4,338753,402847
N20002720,Coast_Road_J2,339936,402858
N20002721,Coast_Road_J3,339798,402796
N20002722,Coast_Road_J4,339196,402697
N20002723,Coast_Road_H5,338899,402625
N20002724,Coast_Road_J5,339544,402638
N20002725,Larne_Lough_A1,340618,403396
N20002726,Larne_Lough_A2,340884,402842
N20002727,Larne_Lough_B1,340404,402659
N20002728,Larne_Lough_A3,341194,402625
N20002729,Larne_Lough_B2,340150,402551
N20002730,Larne_Lough_C1,338156,402484
N20002731,Larne_Lough_C2,338498,402595
N20002732,Larne_Lough_B3,339485,402249
N20002733,Larne_Lough_C3,338194,402232
N20002734,Larne_Lough_B4,339962,402217
N20002735,Larne_Lough_B5,341246,402316
N20002736,Larne_Lough_B6,339752,401970
N20002737,Larne_Lough_C4,338189,401932
N20002738,Larne_Lough_C5,337955,401702
N20002739,Larne_Lough_E1,345043,401771
N20002740,Larne_Lough_C6,337370,401355
N20002741,Larne_Lough_F1,340541,399934
N20002742,Larne_Lough_D1,335642,398978
N20002743,Larne_Lough_E2,347238,398140
N20002744,Larne_Lough_D2,339090,398777
N20002745,Larne_Lough_F2,341984,398059
N20002746,Larne_Lough_D3,332444,395941
N20002747,Larne_Lough_F3,343563,396261
N20002748,Larne_Lough_F4,347308,394653
N20002749,Larne_Lough_G1,344940,394142
N20002750,Larne_Lough_G2,344504,394067
N20002751,Larne_Lough_E3,347650,394387
N20002752,Larne_Lough_G3,344431,393839
N20002753,Larne_Lough_G4,344901,393621
N20002754,Larne_Lough_H1,347269,392640
N20002755,Larne_Lough_J1,347614,392699
N20002756,Larne_Lough_H2,347537,392517
N20002757,Larne_Lough_J2,347057,392463
N20002758,Larne_Lough_F5,346065,392245
N20002759,Larne_Lough_H3,347226,392201
N20002760,Larne_Lough_H4,347376,392133
N20002761,Larne_Lough_J3,347367,391883
N20002762,Larne_Lough_J4,347108,391883
N20002763,Carrick_Castle_A1,342726,391237
N20002764,Carrick_Castle_A2,342139,390312
N20002765,Carrick_Castle_A3,342391,390140
N20002766,Carrick_Castle_A4,341930,390090
N20002767,Carrick_Castle_B1,343559,389016
N20002768,Carrick_Castle_C1,342713,390150
N20002769,Carrick_Castle_A5,342179,389935
N20002770,Carrick_Castle_C2,342628,389824
N20002771,Carrick_Castle_E1,342065,389483
N20002772,Carrick_Castle_D1,341241,389623
N20002773,Carrick_Castle_D2,341098,389467
N20002774,Carrick_Castle_E2,341791,389104
N20002775,Carrick_Castle_C3,342545,389379
N20002776,Carrick_Castle_D3,341116,389202
N20002777,Carrick_Castle_E3,342192,389127
N20002778,Carrick_Castle_B2,342929,389045
N20002779,Carrick_Castle_B3,343369,389069
N20002780,Carrick_Castle_D4,341369,389026
N20002781,Carrick_Castle_D5,341173,388904
N20002782,Carrick_Castle_E4,342254,388839
N20002783,Carrick_Castle_C4,342696,388806
N20002784,Carrick_Castle_B4,343101,388791
N20002785,Carrick_Castle_F1,342533,388604
N20002786,Carrick_Castle_E5,341917,388533
N20002787,Carrick_Castle_F2,342126,388517
N20002788,Carrick_Castle_F3,342335,388553
N20002789,Carrick_Castle_F4,342743,388447
N20002790,Carrick_Castle_G1,341658,388382
N20002791,Carrick_Castle_F5,342165,388226
N20002792,Carrick_Castle_G2,341106,388071
N20002793,Carrick_Castle_G3,342073,388034
N20002794,Carrick_Castle_H1,340962,387852
N20002795,Carrick_Castle_G4,341595,387757
N20002796,Carrick_Castle_H2,341179,387579
N20002797,Carrick_Castle_H3,340647,387576
N20002798,Carrick_Castle_J1,341012,387353
N20002799,Carrick_Castle_J2,340564,387235
N20002800,Carrick_Castle_J3,340869,386992
N20002801,Carrick_Castle_J4,340599,386917
N20002802,Knockagh_A1,337780,393901
N20002803,Knockagh_B1,340797,389394
N20002804,Knockagh_B2,340366,389368
N20002805,Knockagh_C1,339971,389286
N20002806,Knockagh_C2,339755,389168
N20002807,Knockagh_C3,339885,388980
N20002808,Knockagh_B3,340243,388955
N20002809,Knockagh_A2,338933,388895
N20002810,Knockagh_C4,339848,388670
N20002811,Knockagh_D1,340905,388554
N20002812,Knockagh_F1,339498,388546
N20002813,Knockagh_D2,340630,388468
N20002814,Knockagh_C5,340055,388472
N20002815,Knockagh_D3,340931,388447
N20002816,Knockagh_D4,341102,388395
N20002817,Knockagh_E1,340837,388296
N20002818,Knockagh_E2,340530,388295
N20002819,Knockagh_F2,340291,388226
N20002820,Knockagh_F3,339813,388195
N20002821,Knockagh_E3,340590,387942
N20002822,Knockagh_F4,340288,387846
N20002823,Knockagh_F5,339602,387038
N20002824,Knockagh_F6,339253,386471
N20002825,Knockagh_G1,337337,386051
N20002826,Knockagh_G2,336610,385788
N20002827,Knockagh_G3,336838,385561
N20002828,Knockagh_H1,337341,385430
N20002829,Knockagh_H2,337005,385334
N20002830,Knockagh_J1,338141,385215
N20002831,Knockagh_H3,337398,385194
N20002832,Knockagh_G4,336488,385474
N20002833,Knockagh_H4,337138,385122
N20002834,Knockagh_H5,337380,385022
N20002835,Knockagh_J2,337346,384774
N20002836,Knockagh_J3,337661,384767
N20002837,Carntogher_B1,287192,408709
N20002838,Carntogher_A1,295663,406342
N20002839,Carntogher_B2,288749,407700
N20002840,Carntogher_A2,290467,407100
N20002841,Carntogher_D1,283546,406785
N20002842,Carntogher_B3,285864,406809
N20002843,Carntogher_A3,294597,404159
N20002844,Carntogher_B4,286799,404711
N20002845,Carntogher_B5,284514,403142
N20002846,Carntogher_A4,288544,403784
N20002847,Carntogher_D2,281906,401815
N20002848,Carntogher_C1,293422,402635
N20002849,Carntogher_C2,296707,403035
N20002850,Carntogher_E1,285209,401073
N20002851,Carntogher_E2,285748,400998
N20002852,Carntogher_E3,284508,400730
N20002853,Carntogher_C3,288108,400317
N20002854,Carntogher_F1,285041,400881
N20002855,Carntogher_F2,285388,400721
N20002856,Carntogher_E4,284826,400309
N20002857,Carntogher_F3,285828,400066
N20002858,Carntogher_F4,285222,400220
N20002859,Carntogher_C4,290773,399600
N20002860,Carntogher_D3,281499,399778
N20002861,Carntogher_C5,289772,399401
N20002862,Carntogher_D4,275225,397574
N20002863,Carntogher_D5,277379,397214
N20002864,Carntogher_D6,274614,394165
N20002865,Moyola_C1,297082,400822
N20002866,Moyola_A1,293864,398870
N20002867,Moyola_B1,285008,397448
N20002868,Moyola_C2,296281,396736
N20002869,Moyola_A2,295541,396854
N20002870,Moyola_A3,295146,396727
N20002871,Moyola_E1,290916,396305
N20002872,Moyola_B2,281839,396326
N20002873,Moyola_D1,278444,395036
N20002874,Moyola_D2,277905,394676
N20002875,Moyola_D3,278591,394632
N20002876,Moyola_E2,284072,394962
N20002877,Moyola_E3,292550,394576
N20002878,Moyola_D4,278143,394245
N20002879,Moyola_E4,288621,393158
N20002880,Moyola_F1,293415,393301
N20002881,Moyola_F2,292529,393120
N20002882,Moyola_C3,294733,393257
N20002883,Moyola_F3,293061,392899
N20002884,Moyola_F4,293038,392466
N20002885,Moyola_G1,277204,393395
N20002886,Moyola_G2,284897,392187
N20002887,Moyola_C4,296267,391490
N20002888,Moyola_G3,280990,392961
N20002889,Moyola_H1,293295,391805
N20002890,Moyola_G4,274123,391333
N20002891,Moyola_H2,291301,389438
N20002892,Moyola_H3,294739,389411
N20002893,Moyola_H4,294515,388200
N20002894,Magherafelt_A1,289198,391442
N20002895,Magherafelt_A2,289639,391162
N20002896,Magherafelt_C1,288761,391077
N20002897,Magherafelt_A3,289883,390893
N20002898,Magherafelt_A4,289160,390929
N20002899,Magherafelt_B1,290345,390471
N20002900,Magherafelt_C2,288685,390597
N20002901,Magherafelt_A5,289619,390558
N20002902,Magherafelt_A6,289146,390554
N20002903,Magherafelt_C3,288964,390413
N20002904,Magherafelt_B2,289986,390283
N20002905,Magherafelt_A7,289302,390325
N20002906,Magherafelt_B3,290208,390085
N20002907,Magherafelt_B4,289742,389919
N20002908,Magherafelt_B5,290062,389829
N20002909,Magherafelt_C4,289528,389680
N20002910,Magherafelt_C5,288984,389616
N20002911,Magherafelt_D1,283876,390133
N20002912,Magherafelt_C6,289017,389283
N20002913,Magherafelt_E1,287291,388606
N20002914,Magherafelt_E2,290109,387070
N20002915,Magherafelt_D2,284163,386083
N20002916,Magherafelt_G1,294493,385445
N20002917,Magherafelt_G2,291940,385278
N20002918,Magherafelt_D3,279424,384502
N20002919,Magherafelt_E3,288415,384146
N20002920,Magherafelt_D4,277401,383193
N20002921,Magherafelt_F1,285794,384127
N20002922,Magherafelt_F2,286116,384011
N20002923,Magherafelt_F3,285758,383677
N20002924,Magherafelt_F4,285766,383158
N20002925,Magherafelt_G3,293983,382836
N20002926,Magherafelt_D5,282279,381932
N20002927,Magherafelt_G4,292856,381440
N20002928,Magherafelt_E4,288159,381267
N20002929,Cookstown_A1,267247,382118
N20002930,Cookstown_A2,271449,381199
N20002931,Cookstown_A3,276421,380475
N20002932,Cookstown_B1,280729,379498
N20002933,Cookstown_E1,292479,379577
N20002934,Cookstown_B2,280965,379261
N20002935,Cookstown_B3,280503,379040
N20002936,Cookstown_E2,294023,379295
N20002937,Cookstown_B4,281429,378991
N20002938,Cookstown_C1,280692,378883
N20002939,Cookstown_E3,289332,378679
N20002940,Cookstown_C2,281230,378734
N20002941,Cookstown_D1,280285,378722
N20002942,Cookstown_G1,283509,378628
N20002943,Cookstown_D2,279955,378538
N20002944,Cookstown_A4,277067,378561
N20002945,Cookstown_C3,280724,378372
N20002946,Cookstown_C4,280931,378504
N20002947,Cookstown_C5,281420,378482
N20002948,Cookstown_A5,269060,378791
N20002949,Cookstown_D3,280343,378255
N20002950,Cookstown_C6,281203,378242
N20002951,Cookstown_G2,287409,378422
N20002952,Cookstown_E4,289542,378356
N20002953,Cookstown_D4,280530,377925
N20002954,Cookstown_B5,281625,377579
N20002955,Cookstown_D5,280108,377933
N20002956,Cookstown_F1,280601,377624
N20002957,Cookstown_F2,281012,377526
N20002958,Cookstown_B6,281863,377540
N20002959,Cookstown_E5,291858,377883
N20002960,Cookstown_F3,281413,377221
N20002961,Cookstown_H1,280467,377301
N20002962,Cookstown_F4,281113,377161
N20002963,Cookstown_H2,280767,376950
N20002964,Cookstown_H3,281514,376966
N20002965,Cookstown_H4,280238,376808
N20002966,Cookstown_J1,271271,376294
N20002967,Cookstown_J2,277047,376238
N20002968,Cookstown_G3,282435,374732
N20002969,Cookstown_G4,280925,373959
N20002970,Cookstown_K1,268909,373471
N20002971,Cookstown_J3,275306,374191
N20002972,Cookstown_K2,268490,372310
N20002973,Cookstown_J4,273485,372278
N20002974,Cookstown_K3,270534,370616
N20002975,Torrent_A1,295710,378443
N20002976,Torrent_A2,295803,376765
N20002977,Torrent_A3,293178,375839
N20002978,Torrent_A4,293945,375452
N20002979,Torrent_B1,287281,375273
N20002980,Torrent_A5,294301,374592
N20002981,Torrent_B2,284262,373284
N20002982,Torrent_D1,291754,373163
N20002983,Torrent_C1,285497,370645
N20002984,Torrent_D2,290861,371175
N20002985,Torrent_B3,280781,370112
N20002986,Torrent_C2,286561,370144
N20002987,Torrent_B4,277686,370494
N20002988,Torrent_B5,284008,369603
N20002989,Torrent_D3,289771,368554
N20002990,Torrent_E1,269420,368121
N20002991,Torrent_C3,287858,367980
N20002992,Torrent_E2,275764,367682
N20002993,Torrent_C4,286044,367714
N20002994,Torrent_G1,281601,367936
N20002995,Torrent_F1,283320,367384
N20002996,Torrent_B6,279294,367702
N20002997,Torrent_F2,284408,367279
N20002998,Torrent_E3,272178,366691
N20002999,Torrent_F3,284034,367074
N20003000,Torrent_D4,288504,366804
N20003001,Torrent_H1,284566,366752
N20003002,Torrent_H2,284037,366707
N20003003,Torrent_H3,283958,366459
N20003004,Torrent_G2,280691,367238
N20003005,Torrent_H4,284227,366362
N20003006,Torrent_F4,284654,366272
N20003007,Torrent_E4,276672,365685
N20003008,Torrent_H5,284418,366028
N20003009,Torrent_G3,282449,365975
N20003010,Torrent_H6,284718,365873
N20003011,Torrent_H7,284199,366027
N20003012,Torrent_F5,285862,365850
N20003013,Torrent_F6,285359,365633
N20003014,Torrent_G4,277090,365448
N20003015,Torrent_D5,290095,363988
N20003016,Torrent_D6,287277,365486
N20003017,Torrent_D7,288584,365257
N20003018,Dungannon_D1,283312,365106
N20003019,Dungannon_G1,284229,364540
N20003020,Dungannon_A1,280390,363964
N20003021,Dungannon_G2,285947,364439
N20003022,Dungannon_A2,280636,363796
N20003023,Dungannon_B1,279157,363334
N20003024,Dungannon_D2,281172,364174
N20003025,Dungannon_B2,278424,363498
N20003026,Dungannon_A3,280422,363519
N20003027,Dungannon_D3,282640,363495
N20003028,Dungannon_A4,279877,363490
N20003029,Dungannon_A5,279946,363273
N20003030,Dungannon_B3,279524,363007
N20003031,Dungannon_A6,280557,363041
N20003032,Dungannon_B4,278822,363081
N20003033,Dungannon_F1,278725,362778
N20003034,Dungannon_C1,279950,362737
N20003035,Dungannon_F2,279144,362693
N20003036,Dungannon_G3,285123,362298
N20003037,Dungannon_C2,279585,362476
N20003038,Dungannon_C3,279907,362300
N20003039,Dungannon_E1,281309,362096
N20003040,Dungannon_E2,280751,362244
N20003041,Dungannon_F3,279091,362193
N20003042,Dungannon_F4,278719,362394
N20003043,Dungannon_F5,279736,361967
N20003044,Dungannon_H1,280173,361996
N20003045,Dungannon_E3,280771,361908
N20003046,Dungannon_E4,281028,361812
N20003047,Dungannon_H2,280835,361570
N20003048,Dungannon_D4,284320,361202
N20003049,Dungannon_H3,281196,361269
N20003050,Dungannon_F6,279521,361149
N20003051,Dungannon_H4,281293,361392
N20003052,Dungannon_H5,280668,360479
N20003053,Dungannon_H6,280833,360026
N20003054,Dungannon_D5,283253,360159
N20003055,Dungannon_G4,286896,360454
N20003056,Dungannon_G5,284874,359517
N20003057,Dungannon_K1,281990,356526
N20003058,Dungannon_J1,284143,356386
N20003059,Dungannon_J2,285012,356284
N20003060,Dungannon_J3,284287,356261
N20003061,Dungannon_J4,284446,356062
N20003062,Dungannon_K2,282077,352808
N20003063,Clogher_Valley_B1,269226,364098
N20003064,Clogher_Valley_A1,277446,364533
N20003065,Clogher_Valley_B2,273525,363935
N20003066,Clogher_Valley_A2,275772,362616
N20003067,Clogher_Valley_A3,277778,362251
N20003068,Clogher_Valley_B3,269758,361329
N20003069,Clogher_Valley_A4,275027,362025
N20003070,Clogher_Valley_C1,264802,360223
N20003071,Clogher_Valley_B4,270889,360216
N20003072,Clogher_Valley_A5,277676,360500
N20003073,Clogher_Valley_D1,259663,359022
N20003074,Clogher_Valley_B5,268111,358407
N20003075,Clogher_Valley_E1,277045,357678
N20003076,Clogher_Valley_C2,263125,357693
N20003077,Clogher_Valley_E2,279299,357758
N20003078,Clogher_Valley_C3,262455,357769
N20003079,Clogher_Valley_E3,274008,357689
N20003080,Clogher_Valley_D2,262698,356474
N20003081,Clogher_Valley_D3,255330,355827
N20003082,Clogher_Valley_E4,278644,355724
N20003083,Clogher_Valley_D4,265976,353913
N20003084,Clogher_Valley_E5,270924,354565
N20003085,Clogher_Valley_F1,251629,353715
N20003086,Clogher_Valley_E6,277202,354597
N20003087,Clogher_Valley_F2,255687,352981
N20003088,Clogher_Valley_G1,266909,352164
N20003089,Clogher_Valley_D5,259394,353300
N20003090,Clogher_Valley_G2,266557,352415
N20003091,Clogher_Valley_F3,254302,352224
N20003092,Clogher_Valley_E7,274789,352050
N20003093,Clogher_Valley_F4,249771,350769
N20003094,Clogher_Valley_F5,246167,349025
N20003095,Clogher_Valley_G3,272325,348557
N20003096,Clogher_Valley_F6,256752,350525
N20003097,Clogher_Valley_H1,244246,348071
N20003098,Clogher_Valley_H2,244727,347857
N20003099,Clogher_Valley_H3,243951,347530
N20003100,Clogher_Valley_G4,275368,345367
N20003101,Slieve_Gullion_A1,304347,335437
N20003102,Slieve_Gullion_A2,305826,332155
N20003103,Slieve_Gullion_A3,300434,331909
N20003104,Slieve_Gullion_B1,293101,328889
N20003105,Slieve_Gullion_A4,304518,330092
N20003106,Slieve_Gullion_B2,298824,331185
N20003107,Slieve_Gullion_B3,296911,329226
N20003108,Slieve_Gullion_C1,307212,328835
N20003109,Slieve_Gullion_D1,304811,328720
N20003110,Slieve_Gullion_C2,305666,328431
N20003111,Slieve_Gullion_E1,304290,328725
N20003112,Slieve_Gullion_C3,307532,328544
N20003113,Slieve_Gullion_D2,304763,328529
N20003114,Slieve_Gullion_C4,306650,327823
N20003115,Slieve_Gullion_C5,306032,328171
N20003116,Slieve_Gullion_E2,304563,328125
N20003117,Slieve_Gullion_D3,305164,328002
N20003118,Slieve_Gullion_D4,304738,327919
N20003119,Slieve_Gullion_B4,292797,327879
N20003120,Slieve_Gullion_D5,306240,327826
N20003121,Slieve_Gullion_F1,301263,327291
N20003122,Slieve_Gullion_E3,303954,327288
N20003123,Slieve_Gullion_E4,305754,327546
N20003124,Slieve_Gullion_E5,303513,327067
N20003125,Slieve_Gullion_H1,291136,325386
N20003126,Slieve_Gullion_F2,299960,325855
N20003127,Slieve_Gullion_G1,296344,323240
N20003128,Slieve_Gullion_G2,293694,323829
N20003129,Slieve_Gullion_F3,303673,324309
N20003130,Slieve_Gullion_F4,300071,321292
N20003131,Slieve_Gullion_H2,290588,320502
N20003132,Slieve_Gullion_K1,292453,320984
N20003133,Slieve_Gullion_G3,296652,319902
N20003134,Slieve_Gullion_J1,299212,319204
N20003135,Slieve_Gullion_L1,305646,317978
N20003136,Slieve_Gullion_J2,299103,318705
N20003137,Slieve_Gullion_K2,292583,317102
N20003138,Slieve_Gullion_F5,301162,317776
N20003139,Slieve_Gullion_L2,303710,317644
N20003140,Slieve_Gullion_H3,290249,316519
N20003141,Slieve_Gullion_G4,297064,317165
N20003142,Slieve_Gullion_J3,300275,315567
N20003143,Slieve_Gullion_J4,301350,315910
N20003144,Slieve_Gullion_K3,294705,315690
N20003145,Slieve_Gullion_L3,306487,316323
N20003146,Slieve_Gullion_N1,290881,315407
N20003147,Slieve_Gullion_N2,291069,315190
N20003148,Slieve_Gullion_K4,296865,315301
N20003149,Slieve_Gullion_L4,303713,315401
N20003150,Slieve_Gullion_N3,291279,314727
N20003151,Slieve_Gullion_K5,293256,314233
N20003152,Slieve_Gullion_H4,288914,313640
N20003153,Slieve_Gullion_H5,290417,312919
N20003154,Newry_A1,308528,328503
N20003155,Newry_B1,309681,328232
N20003156,Newry_B2,309075,328229
N20003157,Newry_A2,307825,327892
N20003158,Newry_B3,308779,328071
N20003159,Newry_A3,308040,327937
N20003160,Newry_B4,309581,327944
N20003161,Newry_A4,308642,327943
N20003162,Newry_C1,307413,327561
N20003163,Newry_D1,309438,327594
N20003164,Newry_A5,308067,327530
N20003165,Newry_D2,310040,327531
N20003166,Newry_C2,307475,327427
N20003167,Newry_C3,307848,327322
N20003168,Newry_D3,309202,327333
N20003169,Newry_D4,309537,327111
N20003170,Newry_E1,308553,327106
N20003171,Newry_C4,307882,326951
N20003172,Newry_E2,308421,327065
N20003173,Newry_F1,307225,327209
N20003174,Newry_E3,308129,326707
N20003175,Newry_G1,309214,326846
N20003176,Newry_F2,307675,326797
N20003177,Newry_F3,307363,326709
N20003178,Newry_E4,308932,326695
N20003179,Newry_E5,308684,326626
N20003180,Newry_G2,309434,326698
N20003181,Newry_G3,309154,326557
N20003182,Newry_F4,307621,326477
N20003183,Newry_H1,307882,326161
N20003184,Newry_G4,309202,326286
N20003185,Newry_H2,308218,325971
N20003186,Newry_H3,307998,325952
N20003187,Newry_L1,308927,325872
N20003188,Newry_K1,307931,325700
N20003189,Newry_J1,309270,325476
N20003190,Newry_L2,308777,325808
N20003191,Newry_K2,307968,325211
N20003192,Newry_J2,309269,325036
N20003193,Newry_L3,308269,324993
N20003194,Newry_K3,307511,324819
N20003195,Newry_L4,308516,325019
N20003196,Newry_K4,307933,324683
N20003197,Newry_J3,309565,324586
N20003198,Newry_L5,308241,324340
N20003199,Newry_L6,307952,324257
N20003200,Newry_N1,305994,323397
N20003201,Newry_P1,307466,322537
N20003202,Newry_N2,308154,320756
N20003203,Newry_P2,305282,320602
N20003204,Newry_N3,309145,321208
N20003205,Newry_P3,306428,319969
N20003206,Newry_P4,305179,320267
N20003207,Crotlieve_A1,308545,335213
N20003208,Crotlieve_A2,313129,334635
N20003209,Crotlieve_A3,316811,333907
N20003210,Crotlieve_A4,310021,333890
N20003211,Crotlieve_B1,311896,331650
N20003212,Crotlieve_C1,307999,331883
N20003213,Crotlieve_A5,320323,330490
N20003214,Crotlieve_B2,314295,329872
N20003215,Crotlieve_C2,310946,329373
N20003216,Crotlieve_B3,316044,329088
N20003217,Crotlieve_D1,321232,329069
N20003218,Crotlieve_D2,320970,328685
N20003219,Crotlieve_B4,318649,328847
N20003220,Crotlieve_D3,321344,328813
N20003221,Crotlieve_E1,315827,327234
N20003222,Crotlieve_C3,312473,327309
N20003223,Crotlieve_C4,310585,327069
N20003224,Crotlieve_C5,310147,325682
N20003225,Crotlieve_G1,316861,325132
N20003226,Crotlieve_E2,315215,326344
N20003227,Crotlieve_F1,311387,325237
N20003228,Crotlieve_F2,310125,323643
N20003229,Crotlieve_F3,311547,323322
N20003230,Crotlieve_G2,317917,321185
N20003231,Crotlieve_E3,313079,322202
N20003232,Crotlieve_G3,320960,324953
N20003233,Crotlieve_F4,310873,322875
N20003234,Crotlieve_G4,313706,321210
N20003235,Crotlieve_G5,315318,320672
N20003236,Crotlieve_H1,313661,319713
N20003237,Crotlieve_J1,314659,319334
N20003238,Crotlieve_H2,314151,319294
N20003239,Crotlieve_L1,318613,319192
N20003240,Crotlieve_J2,315156,318839
N20003241,Crotlieve_H3,313912,318971
N20003242,Crotlieve_K1,314098,318443
N20003243,Crotlieve_H4,314479,318974
N20003244,Crotlieve_L2,318746,318899
N20003245,Crotlieve_H5,314096,318875
N20003246,Crotlieve_K2,314531,318698
N20003247,Crotlieve_H6,314273,318641
N20003248,Crotlieve_K3,314006,318619
N20003249,Crotlieve_K4,314669,318527
N20003250,Crotlieve_J3,315405,318459
N20003251,Crotlieve_K5,314514,318456
N20003252,Crotlieve_L3,317605,318424
N20003253,Crotlieve_K6,314723,318247
N20003254,Crotlieve_L4,317864,318307
N20003255,Crotlieve_K7,314396,318106
N20003256,Crotlieve_L5,318190,318482
N20003257,The_Mournes_A1,332888,334086
N20003258,The_Mournes_A2,333840,335090
N20003259,The_Mournes_A3,336561,334460
N20003260,The_Mournes_A4,328535,333151
N20003261,The_Mournes_F1,324595,333713
N20003262,The_Mournes_D1,337845,332563
N20003263,The_Mournes_B1,337344,332519
N20003264,The_Mournes_C1,336995,332453
N20003265,The_Mournes_B2,337617,332526
N20003266,The_Mournes_D2,337971,332284
N20003267,The_Mournes_B3,337697,332180
N20003268,The_Mournes_C2,336833,332039
N20003269,The_Mournes_B4,337648,331929
N20003270,The_Mournes_C3,337235,331933
N20003271,The_Mournes_D3,337681,331379
N20003272,The_Mournes_E1,336697,331245
N20003273,The_Mournes_E2,337015,331249
N20003274,The_Mournes_E3,337169,330989
N20003275,The_Mournes_F2,335481,332822
N20003276,The_Mournes_F3,329508,332219
N20003277,The_Mournes_E4,336792,330705
N20003278,The_Mournes_D4,337511,330523
N20003279,The_Mournes_D5,337877,329687
N20003280,The_Mournes_F4,324832,330853
N20003281,The_Mournes_G1,337490,323127
N20003282,The_Mournes_G2,331062,320617
N20003283,The_Mournes_J1,335644,320044
N20003284,The_Mournes_H1,337539,320117
N20003285,The_Mournes_H2,337184,319845
N20003286,The_Mournes_H3,336754,319259
N20003287,The_Mournes_H4,337226,319357
N20003288,The_Mournes_G3,333675,319302
N20003289,The_Mournes_J2,335397,318569
N20003290,The_Mournes_K1,327835,316005
N20003291,The_Mournes_K2,325334,315495
N20003292,The_Mournes_G4,331435,318443
N20003293,The_Mournes_G5,329633,317110
N20003294,The_Mournes_J3,334238,316765
N20003295,The_Mournes_K3,320548,315442
N20003296,The_Mournes_J4,333535,315948
N20003297,The_Mournes_L1,332084,315563
N20003298,The_Mournes_L2,331599,315363
N20003299,The_Mournes_N1,329445,314815
N20003300,The_Mournes_L3,330949,314888
N20003301,The_Mournes_P1,330679,314636
N20003302,The_Mournes_N2,329456,314556
N20003303,The_Mournes_P2,330277,314591
N20003304,The_Mournes_N3,329973,314579
N20003305,The_Mournes_P3,330552,314218
N20003306,The_Mournes_P4,331033,314207
N20003307,The_Mournes_P5,330782,313912
N20003308,The_Mournes_P6,330606,313653
N20003309,The_Mournes_K4,328989,312819
N20003310,The_Mournes_K5,326698,311960
N20003311,Slieve_Croob_A1,335515,352596
N20003312,Slieve_Croob_A2,336692,349752
N20003313,Slieve_Croob_D1,340300,350439
N20003314,Slieve_Croob_A3,335346,350107
N20003315,Slieve_Croob_B1,339545,349188
N20003316,Slieve_Croob_A4,335339,348712
N20003317,Slieve_Croob_A5,338233,348636
N20003318,Slieve_Croob_B2,339608,348617
N20003319,Slieve_Croob_D2,341920,347931
N20003320,Slieve_Croob_C1,335015,346541
N20003321,Slieve_Croob_D3,343706,346826
N20003322,Slieve_Croob_C2,330987,347941
N20003323,Slieve_Croob_E1,327295,344397
N20003324,Slieve_Croob_C3,340270,344907
N20003325,Slieve_Croob_C4,335953,344250
N20003326,Slieve_Croob_C5,337249,342541
N20003327,Slieve_Croob_E2,332079,340818
N20003328,Slieve_Croob_D4,344826,341389
N20003329,Slieve_Croob_F1,340567,341133
N20003330,Slieve_Croob_F2,341233,340640
N20003331,Slieve_Croob_E3,327707,339136
N20003332,Slieve_Croob_G1,335069,339158
N20003333,Slieve_Croob_G2,336792,339120
N20003334,Slieve_Croob_G3,335174,336820
N20003335,Slieve_Croob_F3,343813,336648
N20003336,Slieve_Croob_E4,331102,337785
N20003337,Slieve_Croob_G4,338978,336743
N20003338,Slieve_Croob_H1,340149,336702
N20003339,Slieve_Croob_H2,340213,336520
N20003340,Slieve_Croob_H3,340434,336424
N20003341,Slieve_Croob_J1,334497,336384
N20003342,Slieve_Croob_J2,334435,336046
N20003343,Slieve_Croob_G5,336326,336045
N20003344,Slieve_Croob_J3,333771,335932
N20003345,Slieve_Croob_J4,334026,335790
N20003346,Slieve_Croob_J5,333844,335708
N20003347,Rowallane_C1,340156,360689
N20003348,Rowallane_A1,340332,359132
N20003349,Rowallane_A2,340859,359146
N20003350,Rowallane_A3,340543,358844
N20003351,Rowallane_B1,340053,358702
N20003352,Rowallane_E1,345182,358401
N20003353,Rowallane_B2,340595,358351
N20003354,Rowallane_B3,340249,358396
N20003355,Rowallane_B4,341023,358605
N20003356,Rowallane_C2,337248,357844
N20003357,Rowallane_E2,344614,357464
N20003358,Rowallane_D1,351279,356628
N20003359,Rowallane_E3,345934,356336
N20003360,Rowallane_C3,338365,355618
N20003361,Rowallane_E4,342354,355994
N20003362,Rowallane_C4,335496,354368
N20003363,Rowallane_C5,339854,353787
N20003364,Rowallane_D2,351620,353806
N20003365,Rowallane_D3,346201,352015
N20003366,Rowallane_G1,336086,353285
N20003367,Rowallane_F1,336924,353190
N20003368,Rowallane_H1,352710,353206
N20003369,Rowallane_F2,336334,353122
N20003370,Rowallane_G2,335760,352965
N20003371,Rowallane_D4,350108,352945
N20003372,Rowallane_H2,352555,352862
N20003373,Rowallane_F3,336974,352806
N20003374,Rowallane_F4,336703,352587
N20003375,Rowallane_H3,352769,352553
N20003376,Rowallane_H4,352512,352591
N20003377,Rowallane_H5,352163,352501
N20003378,Rowallane_G3,336308,352518
N20003379,Rowallane_F5,337427,352435
N20003380,Rowallane_F6,337047,352356
N20003381,Rowallane_H6,352137,352242
N20003382,Rowallane_G4,336034,352165
N20003383,Rowallane_J1,345853,352293
N20003384,Rowallane_J2,345455,352247
N20003385,Rowallane_G5,337467,352077
N20003386,Rowallane_H7,352591,352059
N20003387,Rowallane_E5,343476,351747
N20003388,Rowallane_J3,345539,351782
N20003389,Rowallane_G6,337212,352033
N20003390,Rowallane_J4,345734,351470
N20003391,Downpatrick_B1,358816,349549
N20003392,Downpatrick_A1,346332,349400
N20003393,Downpatrick_A2,354967,348003
N20003394,Downpatrick_A3,352575,347224
N20003395,Downpatrick_A4,347397,347843
N20003396,Downpatrick_B2,358562,345708
N20003397,Downpatrick_C1,348874,345863
N20003398,Downpatrick_C2,349287,345614
N20003399,Downpatrick_C3,349886,345485
N20003400,Downpatrick_C4,350100,345412
N20003401,Downpatrick_C5,348786,345284
N20003402,Downpatrick_D1,350530,345539
N20003403,Downpatrick_E1,349116,345065
N20003404,Downpatrick_E2,348703,344910
N20003405,Downpatrick_D2,349509,344590
N20003406,Downpatrick_E3,348825,344806
N20003407,Downpatrick_E4,349012,344516
N20003408,Downpatrick_E5,348633,344561
N20003409,Downpatrick_D3,349446,344378
N20003410,Downpatrick_E6,348788,344252
N20003411,Downpatrick_D4,349505,344018
N20003412,Downpatrick_F1,348404,343566
N20003413,Downpatrick_G1,348922,343776
N20003414,Downpatrick_H1,352892,344161
N20003415,Downpatrick_F2,348551,343439
N20003416,Downpatrick_G2,349157,343451
N20003417,Downpatrick_G3,349464,343647
N20003418,Downpatrick_F3,348252,343236
N20003419,Downpatrick_G4,348938,343108
N20003420,Downpatrick_B3,358551,342271
N20003421,Downpatrick_F4,348649,343029
N20003422,Downpatrick_H2,349427,340765
N20003423,Downpatrick_H3,356526,340164
N20003424,Downpatrick_H4,353805,338856
N20003425,Downpatrick_J1,355791,337834
N20003426,Downpatrick_J2,355414,337816
N20003427,Downpatrick_J3,355793,337381
N20003428,Downpatrick_J4,355768,337069
N20003429,Downpatrick_K1,350038,336920
N20003430,Downpatrick_K2,353636,336373
N20003431,Downpatrick_K3,353754,335926
N20003432,Comber_C1,346471,370102
N20003433,Comber_E1,345593,370082
N20003434,Comber_C2,346675,370006
N20003435,Comber_C3,346863,369877
N20003436,Comber_C4,346420,369837
N20003437,Comber_A1,345560,369712
N20003438,Comber_C5,346612,369645
N20003439,Comber_C6,346861,369623
N20003440,Comber_B1,346078,369656
N20003441,Comber_B2,346295,369564
N20003442,Comber_A2,345093,369438
N20003443,Comber_A3,345648,369286
N20003444,Comber_B3,346339,369304
N20003445,Comber_B4,346708,369270
N20003446,Comber_D1,345297,369185
N20003447,Comber_C7,346996,369536
N20003448,Comber_A4,344693,369151
N20003449,Comber_B5,346073,369135
N20003450,Comber_B6,346066,368982
N20003451,Comber_D2,345446,369006
N20003452,Comber_D3,345123,369051
N20003453,Comber_D4,345856,368660
N20003454,Comber_D5,345329,368595
N20003455,Comber_D6,346473,368400
N20003456,Comber_E2,343117,367175
N20003457,Comber_F1,348508,366335
N20003458,Comber_F2,345240,365827
N20003459,Comber_F3,346482,364274
N20003460,Comber_F4,348187,364371
N20003461,Comber_E3,341649,364335
N20003462,Comber_G1,343634,364080
N20003463,Comber_G2,342825,364026
N20003464,Comber_G3,343125,364071
N20003465,Comber_G4,343323,363982
N20003466,Comber_G5,342717,363599
N20003467,Comber_F5,349780,363337
N20003468,Comber_G6,343413,363455
N20003469,Comber_F6,351531,361763
N20003470,Comber_H1,347560,361775
N20003471,Comber_H2,344138,361339
N20003472,Comber_H3,350878,360654
N20003473,Comber_H4,349360,359867
N20003474,Newtownards_A1,348964,375620
N20003475,Newtownards_A2,346620,374985
N20003476,Newtownards_A3,349989,375767
N20003477,Newtownards_B1,350406,375482
N20003478,Newtownards_A4,348262,375518
N20003479,Newtownards_B2,349852,375346
N20003480,Newtownards_B3,350116,375391
N20003481,Newtownards_B4,350391,375220
N20003482,Newtownards_C1,349450,375201
N20003483,Newtownards_E1,348096,375108
N20003484,Newtownards_D1,350666,375146
N20003485,Newtownards_F1,348653,375026
N20003486,Newtownards_F2,348888,375011
N20003487,Newtownards_C2,349724,374977
N20003488,Newtownards_D2,350656,374921
N20003489,Newtownards_C3,349828,374666
N20003490,Newtownards_E2,348190,374823
N20003491,Newtownards_G1,350262,374775
N20003492,Newtownards_D3,350825,374764
N20003493,Newtownards_F3,348618,374792
N20003494,Newtownards_E3,347884,374762
N20003495,Newtownards_F4,348858,374667
N20003496,Newtownards_C4,349284,374703
N20003497,Newtownards_H1,350695,374571
N20003498,Newtownards_G2,350407,374575
N20003499,Newtownards_J1,348872,374484
N20003500,Newtownards_L1,348388,374338
N20003501,Newtownards_G3,350111,374414
N20003502,Newtownards_K1,349507,374452
N20003503,Newtownards_J2,349123,374304
N20003504,Newtownards_J3,348769,374354
N20003505,Newtownards_H2,351078,374252
N20003506,Newtownards_K2,349771,374135
N20003507,Newtownards_H3,350578,374153
N20003508,Newtownards_N1,347711,374149
N20003509,Newtownards_R1,349363,374108
N20003510,Newtownards_J4,348628,374110
N20003511,Newtownards_H4,350640,374092
N20003512,Newtownards_R2,349543,374031
N20003513,Newtownards_J5,348765,374006
N20003514,Newtownards_G4,349961,373988
N20003515,Newtownards_H5,350892,374028
N20003516,Newtownards_L2,348153,373815
N20003517,Newtownards_R3,349622,373858
N20003518,Newtownards_L3,348421,373878
N20003519,Newtownards_Q1,350371,373836
N20003520,Newtownards_Q2,350746,373709
N20003521,Newtownards_P1,348355,373565
N20003522,Newtownards_L4,348744,373557
N20003523,Newtownards_N2,345609,374513
N20003524,Newtownards_P2,348163,373492
N20003525,Newtownards_Q3,350154,373549
N20003526,Newtownards_P3,348287,373348
N20003527,Newtownards_P4,348506,373350
N20003528,Newtownards_Q4,350491,373207
N20003529,Newtownards_R4,349363,373800
N20003530,Newtownards_S1,348724,372902
N20003531,Newtownards_S2,348430,372752
N20003532,Newtownards_S3,348276,372692
N20003533,Newtownards_S4,348609,372545
N20003534,Newtownards_S5,348652,372346
N20003535,Newtownards_N3,347785,373319
N20003536,Newtownards_N4,348534,372177
N20003537,Holywood_and_Clandeboye_A1,345513,382767
N20003538,Holywood_and_Clandeboye_A2,345858,382434
N20003539,Holywood_and_Clandeboye_F1,344276,381902
N20003540,Holywood_and_Clandeboye_A3,346145,382160
N20003541,Holywood_and_Clandeboye_B1,347950,382085
N20003542,Holywood_and_Clandeboye_B2,347742,381804
N20003543,Holywood_and_Clandeboye_B3,348151,381758
N20003544,Holywood_and_Clandeboye_F2,344065,381354
N20003545,Holywood_and_Clandeboye_F3,343724,381411
N20003546,Holywood_and_Clandeboye_C1,347344,380750
N20003547,Holywood_and_Clandeboye_C2,345980,381169
N20003548,Holywood_and_Clandeboye_D1,342010,380847
N20003549,Holywood_and_Clandeboye_D2,341111,380285
N20003550,Holywood_and_Clandeboye_E1,340615,379742
N20003551,Holywood_and_Clandeboye_D3,341289,379576
N20003552,Holywood_and_Clandeboye_H1,339926,379354
N20003553,Holywood_and_Clandeboye_E2,341049,379264
N20003554,Holywood_and_Clandeboye_G1,349272,379340
N20003555,Holywood_and_Clandeboye_E3,340544,379319
N20003556,Holywood_and_Clandeboye_G2,349696,379259
N20003557,Holywood_and_Clandeboye_G3,349925,379197
N20003558,Holywood_and_Clandeboye_H2,339875,379072
N20003559,Holywood_and_Clandeboye_K1,340182,379061
N20003560,Holywood_and_Clandeboye_K2,340713,378944
N20003561,Holywood_and_Clandeboye_H3,339900,378909
N20003562,Holywood_and_Clandeboye_J1,349758,378841
N20003563,Holywood_and_Clandeboye_H4,339541,378840
N20003564,Holywood_and_Clandeboye_H5,339327,379045
N20003565,Holywood_and_Clandeboye_K3,340228,378727
N20003566,Holywood_and_Clandeboye_H6,339813,378743
N20003567,Holywood_and_Clandeboye_K4,341048,378692
N20003568,Holywood_and_Clandeboye_J2,350106,378311
N20003569,Holywood_and_Clandeboye_F4,343284,378584
N20003570,Holywood_and_Clandeboye_L1,339580,378332
N20003571,Holywood_and_Clandeboye_L2,339372,378300
N20003572,Holywood_and_Clandeboye_J3,349944,378089
N20003573,Holywood_and_Clandeboye_L3,339510,378139
N20003574,Holywood_and_Clandeboye_L4,339775,378187
N20003575,Holywood_and_Clandeboye_K5,340278,378415
N20003576,Holywood_and_Clandeboye_L5,339359,377769
N20003577,Holywood_and_Clandeboye_L6,339563,377525
N20003578,Bangor_West_A1,349563,382151
N20003579,Bangor_West_A2,349254,381885
N20003580,Bangor_West_A3,349001,381656
N20003581,Bangor_West_A4,349677,381698
N20003582,Bangor_West_C1,348757,381578
N20003583,Bangor_West_A5,349900,381473
N20003584,Bangor_West_A6,349328,381375
N20003585,Bangor_West_B1,348161,381491
N20003586,Bangor_West_D1,349648,381245
N20003587,Bangor_West_B2,348410,381324
N20003588,Bangor_West_B3,348135,381212
N20003589,Bangor_West_C2,348909,381203
N20003590,Bangor_West_D2,349162,381113
N20003591,Bangor_West_E1,347815,381277
N20003592,Bangor_West_F1,349732,381048
N20003593,Bangor_West_D3,349368,381015
N20003594,Bangor_West_E2,347915,380984
N20003595,Bangor_West_C3,348610,381049
N20003596,Bangor_West_F2,349970,380939
N20003597,Bangor_West_D4,349081,380928
N20003598,Bangor_West_C4,348378,380932
N20003599,Bangor_West_F3,349665,380897
N20003600,Bangor_West_E3,348207,380819
N20003601,Bangor_West_G1,349339,380809
N20003602,Bangor_West_D5,349099,380746
N20003603,Bangor_West_G2,349413,380682
N20003604,Bangor_West_E4,348033,380667
N20003605,Bangor_West_F4,349838,380629
N20003606,Bangor_West_E5,348342,380578
N20003607,Bangor_West_H1,348754,380498
N20003608,Bangor_West_H2,348591,380513
N20003609,Bangor_West_H3,348888,380430
N20003610,Bangor_West_G3,349371,380416
N20003611,Bangor_West_J1,349108,380435
N20003612,Bangor_West_E6,347911,380261
N20003613,Bangor_West_J2,349134,380241
N20003614,Bangor_West_G4,349606,380246
N20003615,Bangor_West_G5,349864,380216
N20003616,Bangor_West_H4,348307,380188
N20003617,Bangor_West_H5,348785,380140
N20003618,Bangor_West_H6,349033,380011
N20003619,Bangor_West_J3,349421,379700
N20003620,Bangor_West_J4,348960,379836
N20003621,Bangor_Central_A1,351236,382445
N20003622,Bangor_Central_B1,352491,382243
N20003623,Bangor_Central_A2,350985,382271
N20003624,Bangor_Central_A3,350733,382172
N20003625,Bangor_Central_B2,352769,382162
N20003626,Bangor_Central_D1,351279,382112
N20003627,Bangor_Central_E1,352200,382101
N20003628,Bangor_Central_C1,349957,381926
N20003629,Bangor_Central_E2,351898,382084
N20003630,Bangor_Central_D2,351588,381975
N20003631,Bangor_Central_F1,350896,381908
N20003632,Bangor_Central_C2,350266,381770
N20003633,Bangor_Central_F2,351039,381787
N20003634,Bangor_Central_E3,352124,381829
N20003635,Bangor_Central_B3,352695,381859
N20003636,Bangor_Central_F3,350776,381678
N20003637,Bangor_Central_B4,352452,381727
N20003638,Bangor_Central_E4,351837,381705
N20003639,Bangor_Central_D3,351308,381717
N20003640,Bangor_Central_C3,350312,381617
N20003641,Bangor_Central_E5,351998,381525
N20003642,Bangor_Central_C4,350198,381502
N20003643,Bangor_Central_B5,352569,381432
N20003644,Bangor_Central_F4,350910,381336
N20003645,Bangor_Central_G1,352369,381295
N20003646,Bangor_Central_G2,352162,381196
N20003647,Bangor_Central_G3,351822,381175
N20003648,Bangor_Central_H1,351077,380851
N20003649,Bangor_Central_H2,350221,380777
N20003650,Bangor_Central_J1,351382,380753
N20003651,Bangor_Central_K1,350230,380397
N20003652,Bangor_Central_J2,351959,380486
N20003653,Bangor_Central_K2,350458,380346
N20003654,Bangor_Central_H3,350929,380276
N20003655,Bangor_Central_J3,351478,380099
N20003656,Bangor_Central_K3,350610,380154
N20003657,Bangor_Central_K4,350289,380180
N20003658,Bangor_Central_J4,351669,379993
N20003659,Bangor_Central_L1,351123,379763
N20003660,Bangor_Central_K5,350939,379872
N20003661,Bangor_Central_P1,351518,379569
N20003662,Bangor_Central_L2,351276,379553
N20003663,Bangor_Central_N1,350760,379000
N20003664,Bangor_Central_L3,351286,379289
N20003665,Bangor_Central_L4,351529,379314
N20003666,Bangor_Central_N2,351050,379130
N20003667,Bangor_Central_P2,351761,379222
N20003668,Bangor_Central_L5,351398,379125
N20003669,Bangor_Central_P3,352099,379382
N20003670,Bangor_Central_N3,351216,378905
N20003671,Bangor_Central_N4,351074,378838
N20003672,Bangor_Central_P4,351924,379161
N20003673,Bangor_Central_Q1,350678,378701
N20003674,Bangor_Central_Q2,350304,378693
N20003675,Bangor_Central_P5,350964,378639
N20003676,Bangor_Central_Q3,350790,378443
N20003677,Bangor_Central_Q4,350573,378391
N20003678,Bangor_Central_Q5,350990,378197
N20003679,Bangor_East_and_Donaghadee_E1,354962,383495
N20003680,Bangor_East_and_Donaghadee_A1,353661,383324
N20003681,Bangor_East_and_Donaghadee_A2,354263,383278
N20003682,Bangor_East_and_Donaghadee_A3,353725,383166
N20003683,Bangor_East_and_Donaghadee_B1,353559,382302
N20003684,Bangor_East_and_Donaghadee_B2,353197,382277
N20003685,Bangor_East_and_Donaghadee_E2,355351,382310
N20003686,Bangor_East_and_Donaghadee_B3,353435,382032
N20003687,Bangor_East_and_Donaghadee_B4,353039,382058
N20003688,Bangor_East_and_Donaghadee_C1,357058,381934
N20003689,Bangor_East_and_Donaghadee_B5,353365,381863
N20003690,Bangor_East_and_Donaghadee_B6,353241,381580
N20003691,Bangor_East_and_Donaghadee_B7,353024,381331
N20003692,Bangor_East_and_Donaghadee_D1,352835,381326
N20003693,Bangor_East_and_Donaghadee_C2,358206,381202
N20003694,Bangor_East_and_Donaghadee_D2,352860,381084
N20003695,Bangor_East_and_Donaghadee_D3,352581,380879
N20003696,Bangor_East_and_Donaghadee_F1,353150,380880
N20003697,Bangor_East_and_Donaghadee_F2,353485,380685
N20003698,Bangor_East_and_Donaghadee_G1,352316,380601
N20003699,Bangor_East_and_Donaghadee_G2,352743,380521
N20003700,Bangor_East_and_Donaghadee_C3,357772,380332
N20003701,Bangor_East_and_Donaghadee_F3,352942,380309
N20003702,Bangor_East_and_Donaghadee_F4,353140,380318
N20003703,Bangor_East_and_Donaghadee_G3,352423,380331
N20003704,Bangor_East_and_Donaghadee_C4,358480,380322
N20003705,Bangor_East_and_Donaghadee_G4,352120,380295
N20003706,Bangor_East_and_Donaghadee_F5,353487,380225
N20003707,Bangor_East_and_Donaghadee_J1,358777,380138
N20003708,Bangor_East_and_Donaghadee_G5,352466,380105
N20003709,Bangor_East_and_Donaghadee_G6,352631,379996
N20003710,Bangor_East_and_Donaghadee_H1,353196,380058
N20003711,Bangor_East_and_Donaghadee_J2,359321,379895
N20003712,Bangor_East_and_Donaghadee_H2,352137,379911
N20003713,Bangor_East_and_Donaghadee_J3,358592,379946
N20003714,Bangor_East_and_Donaghadee_H3,352950,379786
N20003715,Bangor_East_and_Donaghadee_J4,359347,379725
N20003716,Bangor_East_and_Donaghadee_H4,352477,379748
N20003717,Bangor_East_and_Donaghadee_H5,353213,379743
N20003718,Bangor_East_and_Donaghadee_J5,358987,379642
N20003719,Bangor_East_and_Donaghadee_H6,352433,379574
N20003720,Bangor_East_and_Donaghadee_J6,358682,379500
N20003721,Bangor_East_and_Donaghadee_E3,355012,379322
N20003722,Bangor_East_and_Donaghadee_K1,359349,379396
N20003723,Bangor_East_and_Donaghadee_J7,358540,379386
N20003724,Bangor_East_and_Donaghadee_K2,358814,379302
N20003725,Bangor_East_and_Donaghadee_K3,359093,379132
N20003726,Bangor_East_and_Donaghadee_E4,358007,378946
N20003727,Bangor_East_and_Donaghadee_K4,358666,379040
N20003728,Bangor_East_and_Donaghadee_K5,359162,378766
N20003729,Bangor_East_and_Donaghadee_K6,359019,378458
N20003730,Ards_Peninsula_C1,357841,376873
N20003731,Ards_Peninsula_C2,353617,376838
N20003732,Ards_Peninsula_A1,359722,376180
N20003733,Ards_Peninsula_A2,359008,376013
N20003734,Ards_Peninsula_A3,359316,375944
N20003735,Ards_Peninsula_A4,359560,375833
N20003736,Ards_Peninsula_A5,360013,375201
N20003737,Ards_Peninsula_C3,358192,375104
N20003738,Ards_Peninsula_B1,351113,374663
N20003739,Ards_Peninsula_B2,351362,374756
N20003740,Ards_Peninsula_C4,353510,373880
N20003741,Ards_Peninsula_D1,358104,372696
N20003742,Ards_Peninsula_D2,358197,372525
N20003743,Ards_Peninsula_C5,360392,372737
N20003744,Ards_Peninsula_D3,353280,371973
N20003745,Ards_Peninsula_D4,358199,371709
N20003746,Ards_Peninsula_D5,356739,370500
N20003747,Ards_Peninsula_D6,359184,369474
N20003748,Ards_Peninsula_E1,362335,369450
N20003749,Ards_Peninsula_E2,362639,369415
N20003750,Ards_Peninsula_E3,362546,369034
N20003751,Ards_Peninsula_E4,362757,368886
N20003752,Ards_Peninsula_D7,357629,368350
N20003753,Ards_Peninsula_E5,362556,368671
N20003754,Ards_Peninsula_F1,357969,367932
N20003755,Ards_Peninsula_F2,361161,366376
N20003756,Ards_Peninsula_F3,360418,363428
N20003757,Ards_Peninsula_G1,363884,364150
N20003758,Ards_Peninsula_G2,364277,363617
N20003759,Ards_Peninsula_F4,359867,362717
N20003760,Ards_Peninsula_H1,360551,362142
N20003761,Ards_Peninsula_H2,363498,362385
N20003762,Ards_Peninsula_J1,365995,360527
N20003763,Ards_Peninsula_H3,361539,360533
N20003764,Ards_Peninsula_J2,365655,360156
N20003765,Ards_Peninsula_J3,365950,360112
N20003766,Ards_Peninsula_J4,365711,359791
N20003767,Ards_Peninsula_H4,364849,359819
N20003768,Ards_Peninsula_J5,365581,359442
N20003769,Ards_Peninsula_K1,364430,357810
N20003770,Ards_Peninsula_K2,364640,357669
N20003771,Ards_Peninsula_L1,361671,357337
N20003772,Ards_Peninsula_K3,363729,356802
N20003773,Ards_Peninsula_L2,360590,354351
N20003774,Ards_Peninsula_L3,363401,353491
N20003775,Ards_Peninsula_N1,359623,351145
N20003776,Ards_Peninsula_N2,360020,351041
N20003777,Ards_Peninsula_N3,359725,350890
N20003778,Ards_Peninsula_N4,359635,350716
N20003779,Ards_Peninsula_N5,359597,350425
N20003780,Ards_Peninsula_L4,361120,350326
