DZ2021_code,DZ2021_name,Urban_status,Urban_mixed_rural_status
N20000001,Dunsilly_A1,Non-urban,Rural
N20000002,Dunsilly_B1,Non-urban,Rural
N20000003,Dunsilly_A2,Non-urban,Rural
N20000004,Dunsilly_A3,Non-urban,Rural
N20000005,Dunsilly_B2,Non-urban,Rural
N20000006,Dunsilly_A4,Non-urban,Rural
N20000007,Dunsilly_C1,Non-urban,Rural
N20000008,Dunsilly_A5,Non-urban,Rural
N20000009,Dunsilly_A6,Non-urban,Rural
N20000010,Dunsilly_B3,Non-urban,Rural
N20000011,Dunsilly_D1,Urban,Urban
N20000012,Dunsilly_D2,Urban,Urban
N20000013,Dunsilly_F1,Non-urban,Rural
N20000014,Dunsilly_D3,Urban,Urban
N20000015,Dunsilly_C2,Non-urban,Rural
N20000016,Dunsilly_E1,Urban,Urban
N20000017,Dunsilly_E2,Urban,Urban
N20000018,Dunsilly_E3,Urban,Urban
N20000019,Dunsilly_D4,Urban,Urban
N20000020,Dunsilly_D5,Urban,Urban
N20000021,Dunsilly_E4,Urban,Urban
N20000022,Dunsilly_C3,Non-urban,Rural
N20000023,Dunsilly_D6,Urban,Urban
N20000024,Dunsilly_C4,Non-urban,Rural
N20000025,Dunsilly_F2,Urban,Urban
N20000026,Dunsilly_B4,Non-urban,Rural
N20000027,Dunsilly_F3,Urban,Urban
N20000028,Dunsilly_F4,Non-urban,Rural
N20000029,Dunsilly_F5,Non-urban,Rural
N20000030,Dunsilly_B5,Non-urban,Rural
N20000031,Dunsilly_B6,Non-urban,Rural
N20000032,Dunsilly_F6,Non-urban,Rural
N20000033,Dunsilly_F7,Non-urban,Rural
N20000034,Dunsilly_F8,Non-urban,Rural
N20000035,Antrim_A1,Urban,Urban
N20000036,Antrim_A2,Urban,Urban
N20000037,Antrim_A3,Urban,Urban
N20000038,Antrim_B1,Non-urban,Mixed
N20000039,Antrim_B2,Urban,Urban
N20000040,Antrim_A4,Urban,Urban
N20000041,Antrim_C1,Urban,Urban
N20000042,Antrim_B3,Urban,Urban
N20000043,Antrim_D1,Urban,Urban
N20000044,Antrim_C2,Urban,Urban
N20000045,Antrim_C3,Urban,Urban
N20000046,Antrim_D2,Urban,Urban
N20000047,Antrim_D3,Urban,Urban
N20000048,Antrim_C4,Urban,Urban
N20000049,Antrim_G1,Urban,Urban
N20000050,Antrim_E1,Urban,Urban
N20000051,Antrim_F1,Urban,Urban
N20000052,Antrim_F2,Urban,Urban
N20000053,Antrim_E2,Urban,Urban
N20000054,Antrim_D4,Urban,Urban
N20000055,Antrim_E3,Urban,Urban
N20000056,Antrim_E4,Urban,Urban
N20000057,Antrim_G2,Urban,Urban
N20000058,Antrim_H1,Urban,Urban
N20000059,Antrim_F3,Urban,Urban
N20000060,Antrim_J1,Urban,Urban
N20000061,Antrim_H2,Urban,Urban
N20000062,Antrim_H3,Urban,Urban
N20000063,Antrim_G3,Urban,Urban
N20000064,Antrim_J2,Urban,Urban
N20000065,Antrim_J3,Urban,Urban
N20000066,Antrim_K1,Urban,Urban
N20000067,Antrim_K2,Urban,Urban
N20000068,Antrim_G4,Urban,Urban
N20000069,Antrim_L1,Urban,Urban
N20000070,Antrim_J4,Urban,Urban
N20000071,Antrim_G5,Urban,Urban
N20000072,Antrim_L2,Urban,Urban
N20000073,Antrim_F4,Urban,Urban
N20000074,Antrim_K3,Urban,Urban
N20000075,Antrim_L3,Urban,Urban
N20000076,Antrim_N1,Urban,Urban
N20000077,Antrim_N2,Urban,Urban
N20000078,Antrim_F5,Urban,Urban
N20000079,Antrim_K4,Urban,Urban
N20000080,Antrim_J5,Urban,Urban
N20000081,Antrim_N3,Urban,Urban
N20000082,Antrim_K5,Urban,Urban
N20000083,Antrim_N4,Urban,Urban
N20000084,Antrim_N5,Non-urban,Mixed
N20000085,Antrim_L4,Urban,Urban
N20000086,Ballyclare_F1,Non-urban,Rural
N20000087,Ballyclare_A1,Non-urban,Rural
N20000088,Ballyclare_F2,Non-urban,Rural
N20000089,Ballyclare_F3,Non-urban,Rural
N20000090,Ballyclare_B1,Urban,Urban
N20000091,Ballyclare_A2,Non-urban,Rural
N20000092,Ballyclare_B2,Urban,Urban
N20000093,Ballyclare_B3,Urban,Urban
N20000094,Ballyclare_B4,Urban,Urban
N20000095,Ballyclare_C1,Urban,Urban
N20000096,Ballyclare_A3,Non-urban,Rural
N20000097,Ballyclare_B5,Urban,Urban
N20000098,Ballyclare_D1,Urban,Urban
N20000099,Ballyclare_A4,Non-urban,Rural
N20000100,Ballyclare_F4,Non-urban,Rural
N20000101,Ballyclare_D2,Urban,Urban
N20000102,Ballyclare_D3,Urban,Urban
N20000103,Ballyclare_C2,Urban,Urban
N20000104,Ballyclare_C3,Urban,Urban
N20000105,Ballyclare_C4,Urban,Urban
N20000106,Ballyclare_D4,Urban,Urban
N20000107,Ballyclare_D5,Urban,Urban
N20000108,Ballyclare_C5,Urban,Urban
N20000109,Ballyclare_E1,Urban,Urban
N20000110,Ballyclare_E2,Urban,Urban
N20000111,Ballyclare_E3,Urban,Urban
N20000112,Ballyclare_C6,Urban,Urban
N20000113,Ballyclare_D6,Urban,Urban
N20000114,Ballyclare_E4,Urban,Urban
N20000115,Ballyclare_E5,Urban,Urban
N20000116,Ballyclare_G1,Non-urban,Rural
N20000117,Ballyclare_G2,Non-urban,Rural
N20000118,Ballyclare_G3,Non-urban,Rural
N20000119,Ballyclare_G4,Non-urban,Rural
N20000120,Ballyclare_H1,Non-urban,Rural
N20000121,Ballyclare_F5,Non-urban,Mixed
N20000122,Ballyclare_H2,Non-urban,Rural
N20000123,Ballyclare_H3,Non-urban,Rural
N20000124,Three_Mile_Water_A1,Non-urban,Rural
N20000125,Three_Mile_Water_B1,Non-urban,Mixed
N20000126,Three_Mile_Water_C1,Urban,Urban
N20000127,Three_Mile_Water_A2,Urban,Urban
N20000128,Three_Mile_Water_C2,Urban,Urban
N20000129,Three_Mile_Water_A3,Urban,Urban
N20000130,Three_Mile_Water_D1,Urban,Urban
N20000131,Three_Mile_Water_A4,Urban,Urban
N20000132,Three_Mile_Water_E1,Urban,Urban
N20000133,Three_Mile_Water_C3,Urban,Urban
N20000134,Three_Mile_Water_E2,Urban,Urban
N20000135,Three_Mile_Water_D2,Urban,Urban
N20000136,Three_Mile_Water_D3,Urban,Urban
N20000137,Three_Mile_Water_B2,Urban,Urban
N20000138,Three_Mile_Water_K1,Urban,Urban
N20000139,Three_Mile_Water_B3,Urban,Urban
N20000140,Three_Mile_Water_G1,Urban,Urban
N20000141,Three_Mile_Water_A5,Urban,Urban
N20000142,Three_Mile_Water_F1,Urban,Urban
N20000143,Three_Mile_Water_E3,Urban,Urban
N20000144,Three_Mile_Water_D4,Urban,Urban
N20000145,Three_Mile_Water_F2,Urban,Urban
N20000146,Three_Mile_Water_J1,Urban,Urban
N20000147,Three_Mile_Water_F3,Urban,Urban
N20000148,Three_Mile_Water_H1,Urban,Urban
N20000149,Three_Mile_Water_E4,Urban,Urban
N20000150,Three_Mile_Water_J2,Urban,Urban
N20000151,Three_Mile_Water_H2,Urban,Urban
N20000152,Three_Mile_Water_G2,Urban,Urban
N20000153,Three_Mile_Water_K2,Urban,Urban
N20000154,Three_Mile_Water_F4,Urban,Urban
N20000155,Three_Mile_Water_J3,Urban,Urban
N20000156,Three_Mile_Water_H3,Urban,Urban
N20000157,Three_Mile_Water_H4,Urban,Urban
N20000158,Three_Mile_Water_G3,Urban,Urban
N20000159,Three_Mile_Water_J4,Urban,Urban
N20000160,Three_Mile_Water_G4,Urban,Urban
N20000161,Three_Mile_Water_K3,Urban,Urban
N20000162,Three_Mile_Water_G5,Urban,Urban
N20000163,Three_Mile_Water_K4,Urban,Urban
N20000164,Macedon_A1,Urban,Urban
N20000165,Macedon_A2,Urban,Urban
N20000166,Macedon_B1,Urban,Urban
N20000167,Macedon_B2,Urban,Urban
N20000168,Macedon_C1,Urban,Urban
N20000169,Macedon_B3,Urban,Urban
N20000170,Macedon_C2,Urban,Urban
N20000171,Macedon_C3,Urban,Urban
N20000172,Macedon_B4,Urban,Urban
N20000173,Macedon_A3,Urban,Urban
N20000174,Macedon_D1,Urban,Urban
N20000175,Macedon_C4,Urban,Urban
N20000176,Macedon_C5,Urban,Urban
N20000177,Macedon_B5,Urban,Urban
N20000178,Macedon_E1,Urban,Urban
N20000179,Macedon_E2,Urban,Urban
N20000180,Macedon_D2,Urban,Urban
N20000181,Macedon_F1,Urban,Urban
N20000182,Macedon_D3,Urban,Urban
N20000183,Macedon_F2,Urban,Urban
N20000184,Macedon_F3,Urban,Urban
N20000185,Macedon_E3,Urban,Urban
N20000186,Macedon_H1,Urban,Urban
N20000187,Macedon_F4,Urban,Urban
N20000188,Macedon_H2,Urban,Urban
N20000189,Macedon_J1,Urban,Urban
N20000190,Macedon_G1,Urban,Urban
N20000191,Macedon_E4,Urban,Urban
N20000192,Macedon_G2,Urban,Urban
N20000193,Macedon_G3,Urban,Urban
N20000194,Macedon_K1,Urban,Urban
N20000195,Macedon_G4,Urban,Urban
N20000196,Macedon_J2,Urban,Urban
N20000197,Macedon_K2,Urban,Urban
N20000198,Macedon_K3,Urban,Urban
N20000199,Macedon_G5,Urban,Urban
N20000200,Macedon_K4,Urban,Urban
N20000201,Macedon_J3,Urban,Urban
N20000202,Macedon_K5,Urban,Urban
N20000203,Macedon_J4,Urban,Urban
N20000204,Macedon_J5,Urban,Urban
N20000205,Macedon_H3,Urban,Urban
N20000206,Macedon_H4,Urban,Urban
N20000207,Macedon_L1,Urban,Urban
N20000208,Macedon_L2,Urban,Urban
N20000209,Macedon_L3,Urban,Urban
N20000210,Macedon_L4,Urban,Urban
N20000211,Glengormley_Urban_C1,Urban,Urban
N20000212,Glengormley_Urban_A1,Urban,Urban
N20000213,Glengormley_Urban_A2,Urban,Urban
N20000214,Glengormley_Urban_B1,Urban,Urban
N20000215,Glengormley_Urban_C2,Urban,Urban
N20000216,Glengormley_Urban_B2,Urban,Urban
N20000217,Glengormley_Urban_A3,Urban,Urban
N20000218,Glengormley_Urban_B3,Urban,Urban
N20000219,Glengormley_Urban_C3,Urban,Urban
N20000220,Glengormley_Urban_B4,Urban,Urban
N20000221,Glengormley_Urban_D1,Urban,Urban
N20000222,Glengormley_Urban_E1,Urban,Urban
N20000223,Glengormley_Urban_D2,Urban,Urban
N20000224,Glengormley_Urban_B5,Urban,Urban
N20000225,Glengormley_Urban_E2,Urban,Urban
N20000226,Glengormley_Urban_D3,Urban,Urban
N20000227,Glengormley_Urban_C4,Urban,Urban
N20000228,Glengormley_Urban_E3,Urban,Urban
N20000229,Glengormley_Urban_E4,Urban,Urban
N20000230,Glengormley_Urban_D4,Urban,Urban
N20000231,Glengormley_Urban_F1,Urban,Urban
N20000232,Glengormley_Urban_G1,Urban,Urban
N20000233,Glengormley_Urban_F2,Urban,Urban
N20000234,Glengormley_Urban_G2,Urban,Urban
N20000235,Glengormley_Urban_G3,Urban,Urban
N20000236,Glengormley_Urban_H1,Urban,Urban
N20000237,Glengormley_Urban_H2,Urban,Urban
N20000238,Glengormley_Urban_F3,Urban,Urban
N20000239,Glengormley_Urban_G4,Urban,Urban
N20000240,Glengormley_Urban_F4,Urban,Urban
N20000241,Glengormley_Urban_G5,Urban,Urban
N20000242,Glengormley_Urban_H3,Urban,Urban
N20000243,Glengormley_Urban_J1,Urban,Urban
N20000244,Glengormley_Urban_J2,Urban,Urban
N20000245,Glengormley_Urban_J3,Urban,Urban
N20000246,Glengormley_Urban_K1,Urban,Urban
N20000247,Glengormley_Urban_K2,Urban,Urban
N20000248,Glengormley_Urban_L1,Urban,Urban
N20000249,Glengormley_Urban_J4,Urban,Urban
N20000250,Glengormley_Urban_J5,Urban,Urban
N20000251,Glengormley_Urban_L2,Urban,Urban
N20000252,Glengormley_Urban_L3,Urban,Urban
N20000253,Glengormley_Urban_K3,Urban,Urban
N20000254,Glengormley_Urban_K4,Urban,Urban
N20000255,Glengormley_Urban_L4,Urban,Urban
N20000256,Glengormley_Urban_L5,Urban,Urban
N20000257,Airport_A1,Non-urban,Rural
N20000258,Airport_B1,Non-urban,Mixed
N20000259,Airport_A2,Non-urban,Rural
N20000260,Airport_A3,Non-urban,Rural
N20000261,Airport_C1,Non-urban,Rural
N20000262,Airport_C2,Non-urban,Rural
N20000263,Airport_B2,Non-urban,Rural
N20000264,Airport_B3,Non-urban,Mixed
N20000265,Airport_D1,Urban,Urban
N20000266,Airport_C3,Non-urban,Rural
N20000267,Airport_D2,Urban,Urban
N20000268,Airport_F1,Non-urban,Rural
N20000269,Airport_D3,Urban,Urban
N20000270,Airport_E1,Urban,Urban
N20000271,Airport_D4,Urban,Urban
N20000272,Airport_E2,Urban,Urban
N20000273,Airport_E3,Urban,Urban
N20000274,Airport_G1,Non-urban,Rural
N20000275,Airport_E4,Urban,Urban
N20000276,Airport_E5,Urban,Urban
N20000277,Airport_E6,Urban,Urban
N20000278,Airport_C4,Non-urban,Rural
N20000279,Airport_F2,Non-urban,Rural
N20000280,Airport_G2,Non-urban,Rural
N20000281,Airport_G3,Non-urban,Rural
N20000282,Airport_F3,Non-urban,Rural
N20000283,Airport_H1,Urban,Urban
N20000284,Airport_H2,Urban,Urban
N20000285,Airport_G4,Non-urban,Rural
N20000286,Airport_J1,Urban,Urban
N20000287,Airport_H3,Urban,Urban
N20000288,Airport_H4,Urban,Urban
N20000289,Airport_J2,Urban,Urban
N20000290,Airport_H5,Urban,Urban
N20000291,Airport_J3,Urban,Urban
N20000292,Airport_J4,Urban,Urban
N20000293,Airport_F4,Non-urban,Rural
N20000294,Airport_J5,Urban,Urban
N20000295,Armagh_A1,Non-urban,Rural
N20000296,Armagh_A2,Non-urban,Rural
N20000297,Armagh_A3,Non-urban,Rural
N20000298,Armagh_A4,Non-urban,Rural
N20000299,Armagh_E1,Non-urban,Rural
N20000300,Armagh_A5,Non-urban,Rural
N20000301,Armagh_E2,Non-urban,Rural
N20000302,Armagh_A6,Non-urban,Rural
N20000303,Armagh_C1,Urban,Urban
N20000304,Armagh_C2,Urban,Urban
N20000305,Armagh_E3,Non-urban,Rural
N20000306,Armagh_B1,Urban,Urban
N20000307,Armagh_B2,Urban,Urban
N20000308,Armagh_C3,Urban,Urban
N20000309,Armagh_D1,Urban,Urban
N20000310,Armagh_J1,Non-urban,Rural
N20000311,Armagh_B3,Urban,Urban
N20000312,Armagh_D2,Urban,Urban
N20000313,Armagh_F1,Urban,Urban
N20000314,Armagh_B4,Urban,Urban
N20000315,Armagh_C4,Urban,Urban
N20000316,Armagh_D3,Urban,Urban
N20000317,Armagh_D4,Urban,Urban
N20000318,Armagh_D5,Urban,Urban
N20000319,Armagh_F2,Urban,Urban
N20000320,Armagh_F3,Urban,Urban
N20000321,Armagh_F4,Urban,Urban
N20000322,Armagh_D6,Urban,Urban
N20000323,Armagh_F5,Urban,Urban
N20000324,Armagh_C5,Urban,Urban
N20000325,Armagh_G1,Urban,Urban
N20000326,Armagh_C6,Urban,Urban
N20000327,Armagh_F6,Urban,Urban
N20000328,Armagh_G2,Urban,Urban
N20000329,Armagh_G3,Urban,Urban
N20000330,Armagh_G4,Urban,Urban
N20000331,Armagh_G5,Urban,Urban
N20000332,Armagh_H1,Urban,Urban
N20000333,Armagh_H2,Urban,Urban
N20000334,Armagh_H3,Urban,Urban
N20000335,Armagh_G6,Urban,Urban
N20000336,Armagh_H4,Urban,Urban
N20000337,Armagh_H5,Urban,Urban
N20000338,Armagh_J2,Non-urban,Rural
N20000339,Armagh_J3,Non-urban,Rural
N20000340,Armagh_E4,Non-urban,Rural
N20000341,Armagh_J4,Non-urban,Rural
N20000342,Armagh_E5,Non-urban,Rural
N20000343,Armagh_J5,Non-urban,Rural
N20000344,Armagh_K1,Non-urban,Rural
N20000345,Armagh_J6,Non-urban,Rural
N20000346,Armagh_K2,Non-urban,Rural
N20000347,Armagh_K3,Non-urban,Rural
N20000348,Armagh_L1,Non-urban,Rural
N20000349,Armagh_L2,Non-urban,Rural
N20000350,Armagh_L3,Non-urban,Rural
N20000351,Armagh_L4,Non-urban,Rural
N20000352,Armagh_L5,Non-urban,Rural
N20000353,Armagh_K4,Non-urban,Rural
N20000354,Armagh_K5,Non-urban,Rural
N20000355,Armagh_K6,Non-urban,Rural
N20000356,Portadown_A1,Non-urban,Rural
N20000357,Portadown_A2,Non-urban,Rural
N20000358,Portadown_B1,Non-urban,Rural
N20000359,Portadown_A3,Non-urban,Rural
N20000360,Portadown_B2,Non-urban,Rural
N20000361,Portadown_A4,Non-urban,Rural
N20000362,Portadown_A5,Non-urban,Rural
N20000363,Portadown_B3,Non-urban,Rural
N20000364,Portadown_B4,Non-urban,Rural
N20000365,Portadown_B5,Non-urban,Rural
N20000366,Portadown_B6,Non-urban,Rural
N20000367,Portadown_J1,Non-urban,Rural
N20000368,Portadown_R1,Non-urban,Rural
N20000369,Portadown_J2,Non-urban,Rural
N20000370,Portadown_C1,Urban,Urban
N20000371,Portadown_D1,Urban,Urban
N20000372,Portadown_C2,Urban,Urban
N20000373,Portadown_D2,Urban,Urban
N20000374,Portadown_C3,Urban,Urban
N20000375,Portadown_D3,Urban,Urban
N20000376,Portadown_D4,Urban,Urban
N20000377,Portadown_F1,Urban,Urban
N20000378,Portadown_E1,Urban,Urban
N20000379,Portadown_D5,Urban,Urban
N20000380,Portadown_C4,Urban,Urban
N20000381,Portadown_E2,Urban,Urban
N20000382,Portadown_E3,Urban,Urban
N20000383,Portadown_R2,Non-urban,Rural
N20000384,Portadown_H1,Urban,Urban
N20000385,Portadown_G1,Urban,Urban
N20000386,Portadown_E4,Urban,Urban
N20000387,Portadown_G2,Urban,Urban
N20000388,Portadown_G3,Urban,Urban
N20000389,Portadown_K1,Urban,Urban
N20000390,Portadown_G4,Urban,Urban
N20000391,Portadown_G5,Urban,Urban
N20000392,Portadown_H2,Urban,Urban
N20000393,Portadown_F2,Urban,Urban
N20000394,Portadown_G6,Urban,Urban
N20000395,Portadown_F3,Urban,Urban
N20000396,Portadown_K2,Urban,Urban
N20000397,Portadown_H3,Urban,Urban
N20000398,Portadown_L1,Urban,Urban
N20000399,Portadown_K3,Urban,Urban
N20000400,Portadown_L2,Urban,Urban
N20000401,Portadown_J3,Non-urban,Rural
N20000402,Portadown_K4,Urban,Urban
N20000403,Portadown_L3,Urban,Urban
N20000404,Portadown_N1,Urban,Urban
N20000405,Portadown_N2,Urban,Urban
N20000406,Portadown_P1,Urban,Urban
N20000407,Portadown_N3,Urban,Urban
N20000408,Portadown_J4,Non-urban,Rural
N20000409,Portadown_P2,Urban,Urban
N20000410,Portadown_P3,Urban,Urban
N20000411,Portadown_L4,Urban,Urban
N20000412,Portadown_P4,Urban,Urban
N20000413,Portadown_Q1,Urban,Urban
N20000414,Portadown_Q2,Urban,Urban
N20000415,Portadown_Q3,Urban,Urban
N20000416,Portadown_R3,Non-urban,Rural
N20000417,Portadown_Q4,Urban,Urban
N20000418,Portadown_J5,Non-urban,Rural
N20000419,Portadown_R4,Non-urban,Rural
N20000420,Portadown_R5,Non-urban,Rural
N20000421,Craigavon_A1,Non-urban,Rural
N20000422,Craigavon_A2,Non-urban,Rural
N20000423,Craigavon_A3,Non-urban,Rural
N20000424,Craigavon_A4,Non-urban,Rural
N20000425,Craigavon_B1,Urban,Urban
N20000426,Craigavon_B2,Urban,Urban
N20000427,Craigavon_B3,Urban,Urban
N20000428,Craigavon_B4,Urban,Urban
N20000429,Craigavon_B5,Urban,Urban
N20000430,Craigavon_C1,Urban,Urban
N20000431,Craigavon_E1,Urban,Urban
N20000432,Craigavon_E2,Urban,Urban
N20000433,Craigavon_C2,Urban,Urban
N20000434,Craigavon_D1,Urban,Urban
N20000435,Craigavon_D2,Urban,Urban
N20000436,Craigavon_F1,Urban,Urban
N20000437,Craigavon_D3,Urban,Urban
N20000438,Craigavon_F2,Urban,Urban
N20000439,Craigavon_E3,Urban,Urban
N20000440,Craigavon_C3,Urban,Urban
N20000441,Craigavon_C4,Urban,Urban
N20000442,Craigavon_E4,Urban,Urban
N20000443,Craigavon_F3,Urban,Urban
N20000444,Craigavon_F4,Urban,Urban
N20000445,Craigavon_E5,Urban,Urban
N20000446,Craigavon_J1,Urban,Urban
N20000447,Craigavon_F5,Urban,Urban
N20000448,Craigavon_G1,Urban,Urban
N20000449,Craigavon_G2,Urban,Urban
N20000450,Craigavon_H1,Urban,Urban
N20000451,Craigavon_J2,Urban,Urban
N20000452,Craigavon_G3,Urban,Urban
N20000453,Craigavon_G4,Urban,Urban
N20000454,Craigavon_G5,Urban,Urban
N20000455,Craigavon_F6,Urban,Urban
N20000456,Craigavon_H2,Urban,Urban
N20000457,Craigavon_J3,Urban,Urban
N20000458,Craigavon_L1,Non-urban,Rural
N20000459,Craigavon_H3,Urban,Urban
N20000460,Craigavon_H4,Urban,Urban
N20000461,Craigavon_J4,Urban,Urban
N20000462,Craigavon_N1,Urban,Urban
N20000463,Craigavon_K1,Urban,Urban
N20000464,Craigavon_N2,Urban,Urban
N20000465,Craigavon_L2,Non-urban,Rural
N20000466,Craigavon_K2,Urban,Urban
N20000467,Craigavon_L3,Non-urban,Rural
N20000468,Craigavon_K3,Urban,Urban
N20000469,Craigavon_P1,Non-urban,Rural
N20000470,Craigavon_N3,Urban,Urban
N20000471,Craigavon_N4,Urban,Urban
N20000472,Craigavon_N5,Urban,Urban
N20000473,Craigavon_L4,Non-urban,Rural
N20000474,Craigavon_P2,Non-urban,Rural
N20000475,Craigavon_P3,Non-urban,Rural
N20000476,Lurgan_A1,Non-urban,Rural
N20000477,Lurgan_B1,Non-urban,Rural
N20000478,Lurgan_A2,Non-urban,Rural
N20000479,Lurgan_A3,Non-urban,Rural
N20000480,Lurgan_A4,Non-urban,Rural
N20000481,Lurgan_B2,Non-urban,Rural
N20000482,Lurgan_A5,Non-urban,Rural
N20000483,Lurgan_C1,Urban,Urban
N20000484,Lurgan_C2,Urban,Urban
N20000485,Lurgan_D1,Urban,Urban
N20000486,Lurgan_D2,Urban,Urban
N20000487,Lurgan_C3,Urban,Urban
N20000488,Lurgan_B3,Non-urban,Rural
N20000489,Lurgan_D3,Urban,Urban
N20000490,Lurgan_E1,Urban,Urban
N20000491,Lurgan_E2,Urban,Urban
N20000492,Lurgan_E3,Urban,Urban
N20000493,Lurgan_C4,Urban,Urban
N20000494,Lurgan_E4,Urban,Urban
N20000495,Lurgan_D4,Urban,Urban
N20000496,Lurgan_F1,Urban,Urban
N20000497,Lurgan_F2,Urban,Urban
N20000498,Lurgan_E5,Urban,Urban
N20000499,Lurgan_D5,Urban,Urban
N20000500,Lurgan_F3,Urban,Urban
N20000501,Lurgan_H1,Non-urban,Rural
N20000502,Lurgan_H2,Non-urban,Rural
N20000503,Lurgan_G1,Urban,Urban
N20000504,Lurgan_F4,Urban,Urban
N20000505,Lurgan_G2,Urban,Urban
N20000506,Lurgan_G3,Urban,Urban
N20000507,Lurgan_H3,Non-urban,Rural
N20000508,Lurgan_F5,Urban,Urban
N20000509,Lurgan_G4,Urban,Urban
N20000510,Lurgan_J1,Non-urban,Rural
N20000511,Lurgan_F6,Urban,Urban
N20000512,Lurgan_K1,Urban,Urban
N20000513,Lurgan_H4,Non-urban,Rural
N20000514,Lurgan_P1,Urban,Urban
N20000515,Lurgan_K2,Urban,Urban
N20000516,Lurgan_L1,Urban,Urban
N20000517,Lurgan_J2,Non-urban,Rural
N20000518,Lurgan_J3,Non-urban,Rural
N20000519,Lurgan_K3,Urban,Urban
N20000520,Lurgan_J4,Non-urban,Rural
N20000521,Lurgan_B4,Non-urban,Rural
N20000522,Lurgan_N1,Urban,Urban
N20000523,Lurgan_P2,Urban,Urban
N20000524,Lurgan_L2,Urban,Urban
N20000525,Lurgan_L3,Urban,Urban
N20000526,Lurgan_K4,Urban,Urban
N20000527,Lurgan_Q1,Urban,Urban
N20000528,Lurgan_R1,Urban,Urban
N20000529,Lurgan_P3,Urban,Urban
N20000530,Lurgan_N2,Urban,Urban
N20000531,Lurgan_P4,Urban,Urban
N20000532,Lurgan_R2,Urban,Urban
N20000533,Lurgan_P5,Urban,Urban
N20000534,Lurgan_Q2,Urban,Urban
N20000535,Lurgan_N3,Urban,Urban
N20000536,Lurgan_R3,Urban,Urban
N20000537,Lurgan_S1,Urban,Urban
N20000538,Lurgan_N4,Urban,Urban
N20000539,Lurgan_Q3,Urban,Urban
N20000540,Lurgan_Q4,Urban,Urban
N20000541,Lurgan_R4,Urban,Urban
N20000542,Lurgan_S2,Urban,Urban
N20000543,Lurgan_R5,Urban,Urban
N20000544,Lurgan_T1,Urban,Urban
N20000545,Lurgan_S3,Urban,Urban
N20000546,Lurgan_T2,Urban,Urban
N20000547,Lurgan_S4,Urban,Urban
N20000548,Lurgan_T3,Urban,Urban
N20000549,Lurgan_S5,Urban,Urban
N20000550,Lurgan_T4,Urban,Urban
N20000551,Lagan_River_C1,Non-urban,Mixed
N20000552,Lagan_River_A1,Non-urban,Rural
N20000553,Lagan_River_G1,Non-urban,Mixed
N20000554,Lagan_River_A2,Non-urban,Rural
N20000555,Lagan_River_A3,Non-urban,Rural
N20000556,Lagan_River_A4,Non-urban,Rural
N20000557,Lagan_River_B1,Non-urban,Rural
N20000558,Lagan_River_B2,Non-urban,Rural
N20000559,Lagan_River_C2,Non-urban,Rural
N20000560,Lagan_River_J1,Non-urban,Mixed
N20000561,Lagan_River_B3,Non-urban,Rural
N20000562,Lagan_River_C3,Non-urban,Rural
N20000563,Lagan_River_K1,Non-urban,Rural
N20000564,Lagan_River_E1,Non-urban,Rural
N20000565,Lagan_River_D1,Urban,Urban
N20000566,Lagan_River_F1,Urban,Urban
N20000567,Lagan_River_E2,Non-urban,Rural
N20000568,Lagan_River_D2,Urban,Urban
N20000569,Lagan_River_G2,Non-urban,Rural
N20000570,Lagan_River_F2,Urban,Urban
N20000571,Lagan_River_D3,Urban,Urban
N20000572,Lagan_River_E3,Non-urban,Rural
N20000573,Lagan_River_F3,Urban,Urban
N20000574,Lagan_River_F4,Urban,Urban
N20000575,Lagan_River_F5,Urban,Urban
N20000576,Lagan_River_H1,Urban,Urban
N20000577,Lagan_River_H2,Urban,Urban
N20000578,Lagan_River_H3,Urban,Urban
N20000579,Lagan_River_J2,Non-urban,Rural
N20000580,Lagan_River_G3,Non-urban,Rural
N20000581,Lagan_River_G4,Non-urban,Rural
N20000582,Lagan_River_K2,Non-urban,Rural
N20000583,Lagan_River_K3,Non-urban,Rural
N20000584,Lagan_River_L1,Non-urban,Rural
N20000585,Lagan_River_J3,Non-urban,Rural
N20000586,Lagan_River_J4,Non-urban,Rural
N20000587,Lagan_River_L2,Non-urban,Rural
N20000588,Lagan_River_K4,Non-urban,Rural
N20000589,Lagan_River_N1,Non-urban,Rural
N20000590,Lagan_River_N2,Non-urban,Rural
N20000591,Lagan_River_N3,Non-urban,Rural
N20000592,Lagan_River_N4,Non-urban,Rural
N20000593,Lagan_River_N5,Non-urban,Rural
N20000594,Banbridge_A1,Non-urban,Rural
N20000595,Banbridge_A2,Non-urban,Rural
N20000596,Banbridge_A3,Non-urban,Rural
N20000597,Banbridge_A4,Non-urban,Rural
N20000598,Banbridge_B1,Non-urban,Rural
N20000599,Banbridge_A5,Non-urban,Rural
N20000600,Banbridge_B2,Non-urban,Rural
N20000601,Banbridge_B3,Non-urban,Rural
N20000602,Banbridge_B4,Non-urban,Rural
N20000603,Banbridge_D1,Urban,Urban
N20000604,Banbridge_C1,Urban,Urban
N20000605,Banbridge_F1,Non-urban,Rural
N20000606,Banbridge_F2,Non-urban,Rural
N20000607,Banbridge_D2,Urban,Urban
N20000608,Banbridge_C2,Urban,Urban
N20000609,Banbridge_C3,Urban,Urban
N20000610,Banbridge_C4,Urban,Urban
N20000611,Banbridge_D3,Urban,Urban
N20000612,Banbridge_E1,Urban,Urban
N20000613,Banbridge_E2,Urban,Urban
N20000614,Banbridge_L1,Non-urban,Rural
N20000615,Banbridge_D4,Urban,Urban
N20000616,Banbridge_D5,Urban,Urban
N20000617,Banbridge_E3,Urban,Urban
N20000618,Banbridge_E4,Urban,Urban
N20000619,Banbridge_D6,Urban,Urban
N20000620,Banbridge_E5,Urban,Urban
N20000621,Banbridge_H1,Urban,Urban
N20000622,Banbridge_D7,Urban,Urban
N20000623,Banbridge_J1,Urban,Urban
N20000624,Banbridge_G1,Urban,Urban
N20000625,Banbridge_H2,Urban,Urban
N20000626,Banbridge_J2,Urban,Urban
N20000627,Banbridge_H3,Urban,Urban
N20000628,Banbridge_J3,Urban,Urban
N20000629,Banbridge_F3,Non-urban,Rural
N20000630,Banbridge_G2,Urban,Urban
N20000631,Banbridge_E6,Urban,Urban
N20000632,Banbridge_G3,Urban,Urban
N20000633,Banbridge_J4,Urban,Urban
N20000634,Banbridge_G4,Urban,Urban
N20000635,Banbridge_J5,Urban,Urban
N20000636,Banbridge_H4,Urban,Urban
N20000637,Banbridge_K1,Urban,Urban
N20000638,Banbridge_K2,Urban,Urban
N20000639,Banbridge_H5,Urban,Urban
N20000640,Banbridge_K3,Urban,Urban
N20000641,Banbridge_K4,Non-urban,Mixed
N20000642,Banbridge_F4,Non-urban,Rural
N20000643,Banbridge_K5,Urban,Urban
N20000644,Banbridge_F5,Non-urban,Rural
N20000645,Banbridge_L2,Non-urban,Rural
N20000646,Banbridge_N1,Non-urban,Rural
N20000647,Banbridge_N2,Non-urban,Rural
N20000648,Banbridge_L3,Non-urban,Rural
N20000649,Banbridge_N3,Non-urban,Rural
N20000650,Banbridge_P1,Non-urban,Rural
N20000651,Banbridge_P2,Non-urban,Rural
N20000652,Banbridge_N4,Non-urban,Rural
N20000653,Banbridge_L4,Non-urban,Rural
N20000654,Banbridge_N5,Non-urban,Rural
N20000655,Banbridge_P3,Non-urban,Rural
N20000656,Banbridge_P4,Non-urban,Rural
N20000657,Banbridge_L5,Non-urban,Rural
N20000658,Banbridge_P5,Non-urban,Rural
N20000659,Banbridge_Q1,Non-urban,Rural
N20000660,Banbridge_Q2,Non-urban,Rural
N20000661,Banbridge_Q3,Non-urban,Rural
N20000662,Banbridge_Q4,Non-urban,Rural
N20000663,Banbridge_Q5,Non-urban,Rural
N20000664,Cusher_E1,Non-urban,Rural
N20000665,Cusher_E2,Non-urban,Rural
N20000666,Cusher_B1,Non-urban,Rural
N20000667,Cusher_A1,Non-urban,Rural
N20000668,Cusher_B2,Non-urban,Rural
N20000669,Cusher_B3,Non-urban,Rural
N20000670,Cusher_A2,Non-urban,Rural
N20000671,Cusher_B4,Non-urban,Rural
N20000672,Cusher_D1,Non-urban,Rural
N20000673,Cusher_B5,Non-urban,Rural
N20000674,Cusher_E3,Non-urban,Rural
N20000675,Cusher_A3,Non-urban,Rural
N20000676,Cusher_D2,Non-urban,Rural
N20000677,Cusher_B6,Non-urban,Rural
N20000678,Cusher_C1,Non-urban,Rural
N20000679,Cusher_C2,Non-urban,Rural
N20000680,Cusher_C3,Non-urban,Rural
N20000681,Cusher_E4,Non-urban,Rural
N20000682,Cusher_F1,Non-urban,Rural
N20000683,Cusher_F2,Non-urban,Rural
N20000684,Cusher_F3,Non-urban,Rural
N20000685,Cusher_D3,Non-urban,Rural
N20000686,Cusher_F4,Non-urban,Rural
N20000687,Cusher_G1,Non-urban,Rural
N20000688,Cusher_E5,Non-urban,Mixed
N20000689,Cusher_G2,Non-urban,Rural
N20000690,Cusher_G3,Non-urban,Rural
N20000691,Cusher_G4,Non-urban,Rural
N20000692,Cusher_H1,Non-urban,Rural
N20000693,Cusher_K1,Non-urban,Rural
N20000694,Cusher_H2,Non-urban,Rural
N20000695,Cusher_K2,Non-urban,Rural
N20000696,Cusher_J1,Non-urban,Rural
N20000697,Cusher_J2,Non-urban,Rural
N20000698,Cusher_J3,Non-urban,Rural
N20000699,Cusher_K3,Non-urban,Rural
N20000700,Cusher_J4,Non-urban,Rural
N20000701,Cusher_L1,Non-urban,Rural
N20000702,Cusher_K4,Non-urban,Rural
N20000703,Cusher_K5,Non-urban,Rural
N20000704,Cusher_H3,Non-urban,Rural
N20000705,Cusher_L2,Non-urban,Rural
N20000706,Cusher_L3,Non-urban,Rural
N20000707,Cusher_L4,Non-urban,Rural
N20000708,Cusher_H4,Non-urban,Rural
N20000709,Cusher_K6,Non-urban,Rural
N20000710,Cusher_L5,Non-urban,Rural
N20000711,Oldpark_A1,Urban,Urban
N20000712,Oldpark_A2,Non-urban,Mixed
N20000713,Oldpark_A3,Urban,Urban
N20000714,Oldpark_B1,Urban,Urban
N20000715,Oldpark_D1,Urban,Urban
N20000716,Oldpark_C1,Urban,Urban
N20000717,Oldpark_B2,Urban,Urban
N20000718,Oldpark_B3,Urban,Urban
N20000719,Oldpark_A4,Urban,Urban
N20000720,Oldpark_B4,Urban,Urban
N20000721,Oldpark_A5,Urban,Urban
N20000722,Oldpark_C2,Urban,Urban
N20000723,Oldpark_C3,Urban,Urban
N20000724,Oldpark_D2,Urban,Urban
N20000725,Oldpark_D3,Urban,Urban
N20000726,Oldpark_E1,Urban,Urban
N20000727,Oldpark_C4,Urban,Urban
N20000728,Oldpark_F1,Urban,Urban
N20000729,Oldpark_E2,Urban,Urban
N20000730,Oldpark_F2,Urban,Urban
N20000731,Oldpark_D4,Urban,Urban
N20000732,Oldpark_E3,Urban,Urban
N20000733,Oldpark_E4,Urban,Urban
N20000734,Oldpark_G1,Urban,Urban
N20000735,Oldpark_G2,Urban,Urban
N20000736,Oldpark_F3,Urban,Urban
N20000737,Oldpark_K1,Urban,Urban
N20000738,Oldpark_G3,Urban,Urban
N20000739,Oldpark_E5,Urban,Urban
N20000740,Oldpark_H1,Urban,Urban
N20000741,Oldpark_G4,Urban,Urban
N20000742,Oldpark_K2,Urban,Urban
N20000743,Oldpark_J1,Urban,Urban
N20000744,Oldpark_J2,Urban,Urban
N20000745,Oldpark_G5,Urban,Urban
N20000746,Oldpark_N1,Urban,Urban
N20000747,Oldpark_L1,Urban,Urban
N20000748,Oldpark_H2,Urban,Urban
N20000749,Oldpark_N2,Urban,Urban
N20000750,Oldpark_L2,Urban,Urban
N20000751,Oldpark_H3,Urban,Urban
N20000752,Oldpark_J3,Urban,Urban
N20000753,Oldpark_K3,Urban,Urban
N20000754,Oldpark_R1,Urban,Urban
N20000755,Oldpark_N3,Urban,Urban
N20000756,Oldpark_K4,Urban,Urban
N20000757,Oldpark_L3,Urban,Urban
N20000758,Oldpark_Q1,Urban,Urban
N20000759,Oldpark_R2,Urban,Urban
N20000760,Oldpark_P1,Urban,Urban
N20000761,Oldpark_L4,Urban,Urban
N20000762,Oldpark_P2,Urban,Urban
N20000763,Oldpark_L5,Urban,Urban
N20000764,Oldpark_R3,Urban,Urban
N20000765,Oldpark_Q2,Urban,Urban
N20000766,Oldpark_R4,Urban,Urban
N20000767,Oldpark_N4,Urban,Urban
N20000768,Oldpark_P3,Urban,Urban
N20000769,Oldpark_R5,Urban,Urban
N20000770,Oldpark_Q3,Urban,Urban
N20000771,Oldpark_S1,Urban,Urban
N20000772,Oldpark_U1,Urban,Urban
N20000773,Oldpark_T1,Urban,Urban
N20000774,Oldpark_U2,Urban,Urban
N20000775,Oldpark_R6,Urban,Urban
N20000776,Oldpark_Q4,Urban,Urban
N20000777,Oldpark_S2,Urban,Urban
N20000778,Oldpark_S3,Urban,Urban
N20000779,Oldpark_T2,Urban,Urban
N20000780,Oldpark_S4,Urban,Urban
N20000781,Oldpark_T3,Urban,Urban
N20000782,Oldpark_S5,Urban,Urban
N20000783,Oldpark_U3,Urban,Urban
N20000784,Oldpark_T4,Urban,Urban
N20000785,Oldpark_U4,Urban,Urban
N20000786,Oldpark_U5,Urban,Urban
N20000787,Castle_A1,Urban,Urban
N20000788,Castle_A2,Urban,Urban
N20000789,Castle_A3,Urban,Urban
N20000790,Castle_B1,Urban,Urban
N20000791,Castle_B2,Urban,Urban
N20000792,Castle_B3,Urban,Urban
N20000793,Castle_B4,Urban,Urban
N20000794,Castle_C1,Urban,Urban
N20000795,Castle_C2,Urban,Urban
N20000796,Castle_D1,Urban,Urban
N20000797,Castle_C3,Urban,Urban
N20000798,Castle_E1,Urban,Urban
N20000799,Castle_D2,Urban,Urban
N20000800,Castle_E2,Urban,Urban
N20000801,Castle_E3,Urban,Urban
N20000802,Castle_F1,Urban,Urban
N20000803,Castle_F2,Urban,Urban
N20000804,Castle_H1,Urban,Urban
N20000805,Castle_G1,Urban,Urban
N20000806,Castle_G2,Urban,Urban
N20000807,Castle_J1,Urban,Urban
N20000808,Castle_D3,Urban,Urban
N20000809,Castle_G3,Urban,Urban
N20000810,Castle_H2,Urban,Urban
N20000811,Castle_H3,Urban,Urban
N20000812,Castle_F3,Urban,Urban
N20000813,Castle_H4,Urban,Urban
N20000814,Castle_J2,Urban,Urban
N20000815,Castle_J3,Urban,Urban
N20000816,Castle_J4,Urban,Urban
N20000817,Castle_H5,Urban,Urban
N20000818,Castle_L1,Urban,Urban
N20000819,Castle_G4,Urban,Urban
N20000820,Castle_G5,Urban,Urban
N20000821,Castle_K1,Urban,Urban
N20000822,Castle_L2,Urban,Urban
N20000823,Castle_K2,Urban,Urban
N20000824,Castle_L3,Urban,Urban
N20000825,Castle_Q1,Urban,Urban
N20000826,Castle_N1,Urban,Urban
N20000827,Castle_J5,Urban,Urban
N20000828,Castle_K3,Urban,Urban
N20000829,Castle_K4,Urban,Urban
N20000830,Castle_L4,Urban,Urban
N20000831,Castle_N2,Urban,Urban
N20000832,Castle_N3,Urban,Urban
N20000833,Castle_R1,Urban,Urban
N20000834,Castle_L5,Urban,Urban
N20000835,Castle_P1,Urban,Urban
N20000836,Castle_R2,Urban,Urban
N20000837,Castle_P2,Urban,Urban
N20000838,Castle_R3,Urban,Urban
N20000839,Castle_R4,Urban,Urban
N20000840,Castle_R5,Urban,Urban
N20000841,Castle_S1,Urban,Urban
N20000842,Castle_T1,Urban,Urban
N20000843,Castle_S2,Urban,Urban
N20000844,Castle_T2,Urban,Urban
N20000845,Castle_S3,Urban,Urban
N20000846,Castle_U1,Urban,Urban
N20000847,Castle_T3,Urban,Urban
N20000848,Castle_U2,Urban,Urban
N20000849,Castle_U3,Urban,Urban
N20000850,Castle_T4,Urban,Urban
N20000851,Castle_U4,Urban,Urban
N20000852,Castle_U5,Urban,Urban
N20000853,Castle_T5,Urban,Urban
N20000854,Castle_Q2,Urban,Urban
N20000855,Castle_Q3,Urban,Urban
N20000856,Titanic_A1,Urban,Urban
N20000857,Titanic_B1,Urban,Urban
N20000858,Titanic_A2,Urban,Urban
N20000859,Titanic_A3,Urban,Urban
N20000860,Titanic_C1,Urban,Urban
N20000861,Titanic_C2,Urban,Urban
N20000862,Titanic_C3,Urban,Urban
N20000863,Titanic_C4,Urban,Urban
N20000864,Titanic_C5,Urban,Urban
N20000865,Titanic_D1,Urban,Urban
N20000866,Titanic_D2,Urban,Urban
N20000867,Titanic_E1,Urban,Urban
N20000868,Titanic_D3,Urban,Urban
N20000869,Titanic_D4,Urban,Urban
N20000870,Titanic_F1,Urban,Urban
N20000871,Titanic_E2,Urban,Urban
N20000872,Titanic_D5,Urban,Urban
N20000873,Titanic_F2,Urban,Urban
N20000874,Titanic_F3,Urban,Urban
N20000875,Titanic_E3,Urban,Urban
N20000876,Titanic_G1,Urban,Urban
N20000877,Titanic_F4,Urban,Urban
N20000878,Titanic_J1,Urban,Urban
N20000879,Titanic_E4,Urban,Urban
N20000880,Titanic_F5,Urban,Urban
N20000881,Titanic_G2,Urban,Urban
N20000882,Titanic_B2,Urban,Urban
N20000883,Titanic_G3,Urban,Urban
N20000884,Titanic_B3,Urban,Urban
N20000885,Titanic_B4,Urban,Urban
N20000886,Titanic_H1,Urban,Urban
N20000887,Titanic_H2,Urban,Urban
N20000888,Titanic_J2,Urban,Urban
N20000889,Titanic_K1,Urban,Urban
N20000890,Titanic_K2,Urban,Urban
N20000891,Titanic_J3,Urban,Urban
N20000892,Titanic_N1,Urban,Urban
N20000893,Titanic_L1,Urban,Urban
N20000894,Titanic_H3,Urban,Urban
N20000895,Titanic_K3,Urban,Urban
N20000896,Titanic_H4,Urban,Urban
N20000897,Titanic_K4,Urban,Urban
N20000898,Titanic_Q1,Urban,Urban
N20000899,Titanic_J4,Urban,Urban
N20000900,Titanic_N2,Urban,Urban
N20000901,Titanic_L2,Urban,Urban
N20000902,Titanic_R1,Urban,Urban
N20000903,Titanic_N3,Urban,Urban
N20000904,Titanic_P1,Urban,Urban
N20000905,Titanic_L3,Urban,Urban
N20000906,Titanic_J5,Urban,Urban
N20000907,Titanic_Q2,Urban,Urban
N20000908,Titanic_S1,Urban,Urban
N20000909,Titanic_R2,Urban,Urban
N20000910,Titanic_L4,Urban,Urban
N20000911,Titanic_N4,Urban,Urban
N20000912,Titanic_P2,Urban,Urban
N20000913,Titanic_S2,Urban,Urban
N20000914,Titanic_T1,Urban,Urban
N20000915,Titanic_T2,Urban,Urban
N20000916,Titanic_Q3,Urban,Urban
N20000917,Titanic_Q4,Urban,Urban
N20000918,Titanic_P3,Urban,Urban
N20000919,Titanic_T3,Urban,Urban
N20000920,Titanic_Q5,Urban,Urban
N20000921,Titanic_T4,Urban,Urban
N20000922,Titanic_S3,Urban,Urban
N20000923,Titanic_R3,Urban,Urban
N20000924,Titanic_P4,Urban,Urban
N20000925,Titanic_U1,Urban,Urban
N20000926,Titanic_X1,Urban,Urban
N20000927,Titanic_W1,Urban,Urban
N20000928,Titanic_S4,Urban,Urban
N20000929,Titanic_R4,Urban,Urban
N20000930,Titanic_U2,Urban,Urban
N20000931,Titanic_T5,Urban,Urban
N20000932,Titanic_W2,Urban,Urban
N20000933,Titanic_U3,Urban,Urban
N20000934,Titanic_Y1,Urban,Urban
N20000935,Titanic_X2,Urban,Urban
N20000936,Titanic_W3,Urban,Urban
N20000937,Titanic_X3,Urban,Urban
N20000938,Titanic_U4,Urban,Urban
N20000939,Titanic_Y2,Urban,Urban
N20000940,Titanic_Z1,Urban,Urban
N20000941,Titanic_Z2,Urban,Urban
N20000942,Titanic_Y3,Urban,Urban
N20000943,Titanic_Z3,Urban,Urban
N20000944,Titanic_Y4,Urban,Urban
N20000945,Ormiston_B1,Urban,Urban
N20000946,Ormiston_A1,Non-urban,Mixed
N20000947,Ormiston_A2,Urban,Urban
N20000948,Ormiston_B2,Urban,Urban
N20000949,Ormiston_A3,Urban,Urban
N20000950,Ormiston_B3,Urban,Urban
N20000951,Ormiston_A4,Urban,Urban
N20000952,Ormiston_C1,Non-urban,Mixed
N20000953,Ormiston_C2,Urban,Urban
N20000954,Ormiston_A5,Urban,Urban
N20000955,Ormiston_C3,Non-urban,Mixed
N20000956,Ormiston_B4,Urban,Urban
N20000957,Ormiston_D1,Urban,Urban
N20000958,Ormiston_D2,Urban,Urban
N20000959,Ormiston_F1,Urban,Urban
N20000960,Ormiston_C4,Urban,Urban
N20000961,Ormiston_D3,Urban,Urban
N20000962,Ormiston_D4,Urban,Urban
N20000963,Ormiston_F2,Urban,Urban
N20000964,Ormiston_E1,Urban,Urban
N20000965,Ormiston_C5,Urban,Urban
N20000966,Ormiston_E2,Urban,Urban
N20000967,Ormiston_F3,Urban,Urban
N20000968,Ormiston_E3,Urban,Urban
N20000969,Ormiston_E4,Urban,Urban
N20000970,Ormiston_G1,Urban,Urban
N20000971,Ormiston_F4,Urban,Urban
N20000972,Ormiston_H1,Urban,Urban
N20000973,Ormiston_H2,Urban,Urban
N20000974,Ormiston_G2,Urban,Urban
N20000975,Ormiston_G3,Urban,Urban
N20000976,Ormiston_H3,Urban,Urban
N20000977,Ormiston_J1,Urban,Urban
N20000978,Ormiston_J2,Urban,Urban
N20000979,Ormiston_N1,Urban,Urban
N20000980,Ormiston_L1,Urban,Urban
N20000981,Ormiston_J3,Urban,Urban
N20000982,Ormiston_F5,Urban,Urban
N20000983,Ormiston_G4,Urban,Urban
N20000984,Ormiston_H4,Urban,Urban
N20000985,Ormiston_H5,Urban,Urban
N20000986,Ormiston_J4,Urban,Urban
N20000987,Ormiston_K1,Urban,Urban
N20000988,Ormiston_N2,Urban,Urban
N20000989,Ormiston_L2,Urban,Urban
N20000990,Ormiston_K2,Urban,Urban
N20000991,Ormiston_J5,Urban,Urban
N20000992,Ormiston_P1,Urban,Urban
N20000993,Ormiston_K3,Urban,Urban
N20000994,Ormiston_K4,Urban,Urban
N20000995,Ormiston_R1,Urban,Urban
N20000996,Ormiston_L3,Urban,Urban
N20000997,Ormiston_N3,Urban,Urban
N20000998,Ormiston_P2,Urban,Urban
N20000999,Ormiston_L4,Urban,Urban
N20001000,Ormiston_Q1,Urban,Urban
N20001001,Ormiston_N4,Urban,Urban
N20001002,Ormiston_P3,Urban,Urban
N20001003,Ormiston_Q2,Urban,Urban
N20001004,Ormiston_L5,Urban,Urban
N20001005,Ormiston_R2,Urban,Urban
N20001006,Ormiston_P4,Urban,Urban
N20001007,Ormiston_S1,Urban,Urban
N20001008,Ormiston_P5,Urban,Urban
N20001009,Ormiston_Q3,Urban,Urban
N20001010,Ormiston_R3,Urban,Urban
N20001011,Ormiston_S2,Urban,Urban
N20001012,Ormiston_T1,Urban,Urban
N20001013,Ormiston_S3,Urban,Urban
N20001014,Ormiston_T2,Urban,Urban
N20001015,Ormiston_T3,Urban,Urban
N20001016,Ormiston_T4,Urban,Urban
N20001017,Lisnasharragh_B1,Urban,Urban
N20001018,Lisnasharragh_A1,Urban,Urban
N20001019,Lisnasharragh_A2,Urban,Urban
N20001020,Lisnasharragh_B2,Urban,Urban
N20001021,Lisnasharragh_D1,Urban,Urban
N20001022,Lisnasharragh_B3,Urban,Urban
N20001023,Lisnasharragh_A3,Urban,Urban
N20001024,Lisnasharragh_C1,Urban,Urban
N20001025,Lisnasharragh_B4,Urban,Urban
N20001026,Lisnasharragh_D2,Urban,Urban
N20001027,Lisnasharragh_C2,Urban,Urban
N20001028,Lisnasharragh_A4,Urban,Urban
N20001029,Lisnasharragh_D3,Urban,Urban
N20001030,Lisnasharragh_C3,Urban,Urban
N20001031,Lisnasharragh_B5,Urban,Urban
N20001032,Lisnasharragh_D4,Urban,Urban
N20001033,Lisnasharragh_E1,Urban,Urban
N20001034,Lisnasharragh_B6,Urban,Urban
N20001035,Lisnasharragh_F1,Urban,Urban
N20001036,Lisnasharragh_F2,Urban,Urban
N20001037,Lisnasharragh_F3,Urban,Urban
N20001038,Lisnasharragh_E2,Urban,Urban
N20001039,Lisnasharragh_G1,Urban,Urban
N20001040,Lisnasharragh_N1,Urban,Urban
N20001041,Lisnasharragh_H1,Urban,Urban
N20001042,Lisnasharragh_F4,Urban,Urban
N20001043,Lisnasharragh_J1,Urban,Urban
N20001044,Lisnasharragh_H2,Urban,Urban
N20001045,Lisnasharragh_G2,Urban,Urban
N20001046,Lisnasharragh_E3,Urban,Urban
N20001047,Lisnasharragh_G3,Urban,Urban
N20001048,Lisnasharragh_J2,Urban,Urban
N20001049,Lisnasharragh_N2,Urban,Urban
N20001050,Lisnasharragh_N3,Urban,Urban
N20001051,Lisnasharragh_J3,Urban,Urban
N20001052,Lisnasharragh_N4,Urban,Urban
N20001053,Lisnasharragh_L1,Urban,Urban
N20001054,Lisnasharragh_J4,Urban,Urban
N20001055,Lisnasharragh_H3,Urban,Urban
N20001056,Lisnasharragh_P1,Urban,Urban
N20001057,Lisnasharragh_K1,Urban,Urban
N20001058,Lisnasharragh_L2,Urban,Urban
N20001059,Lisnasharragh_K2,Urban,Urban
N20001060,Lisnasharragh_J5,Urban,Urban
N20001061,Lisnasharragh_K3,Urban,Urban
N20001062,Lisnasharragh_K4,Urban,Urban
N20001063,Lisnasharragh_P2,Urban,Urban
N20001064,Lisnasharragh_K5,Urban,Urban
N20001065,Lisnasharragh_L3,Urban,Urban
N20001066,Lisnasharragh_Q1,Urban,Urban
N20001067,Lisnasharragh_N5,Urban,Urban
N20001068,Lisnasharragh_P3,Urban,Urban
N20001069,Lisnasharragh_P4,Urban,Urban
N20001070,Lisnasharragh_Q2,Urban,Urban
N20001071,Lisnasharragh_R1,Urban,Urban
N20001072,Lisnasharragh_Q3,Urban,Urban
N20001073,Lisnasharragh_R2,Urban,Urban
N20001074,Lisnasharragh_N6,Non-urban,Mixed
N20001075,Lisnasharragh_P5,Urban,Urban
N20001076,Lisnasharragh_R3,Urban,Urban
N20001077,Lisnasharragh_R4,Urban,Urban
N20001078,Lisnasharragh_R5,Urban,Urban
N20001079,Botanic_A1,Urban,Urban
N20001080,Botanic_A2,Urban,Urban
N20001081,Botanic_B1,Urban,Urban
N20001082,Botanic_B2,Urban,Urban
N20001083,Botanic_B3,Urban,Urban
N20001084,Botanic_A3,Urban,Urban
N20001085,Botanic_A4,Urban,Urban
N20001086,Botanic_B4,Urban,Urban
N20001087,Botanic_C1,Urban,Urban
N20001088,Botanic_C2,Urban,Urban
N20001089,Botanic_A5,Urban,Urban
N20001090,Botanic_C3,Urban,Urban
N20001091,Botanic_D1,Urban,Urban
N20001092,Botanic_E1,Urban,Urban
N20001093,Botanic_F1,Urban,Urban
N20001094,Botanic_D2,Urban,Urban
N20001095,Botanic_F2,Urban,Urban
N20001096,Botanic_E2,Urban,Urban
N20001097,Botanic_C4,Urban,Urban
N20001098,Botanic_E3,Urban,Urban
N20001099,Botanic_H1,Urban,Urban
N20001100,Botanic_F3,Urban,Urban
N20001101,Botanic_D3,Urban,Urban
N20001102,Botanic_F4,Urban,Urban
N20001103,Botanic_H2,Urban,Urban
N20001104,Botanic_G1,Urban,Urban
N20001105,Botanic_H3,Urban,Urban
N20001106,Botanic_E4,Urban,Urban
N20001107,Botanic_H4,Urban,Urban
N20001108,Botanic_F5,Urban,Urban
N20001109,Botanic_D4,Urban,Urban
N20001110,Botanic_H5,Urban,Urban
N20001111,Botanic_G2,Urban,Urban
N20001112,Botanic_H6,Urban,Urban
N20001113,Botanic_J1,Urban,Urban
N20001114,Botanic_J2,Urban,Urban
N20001115,Botanic_K1,Urban,Urban
N20001116,Botanic_G3,Urban,Urban
N20001117,Botanic_G4,Urban,Urban
N20001118,Botanic_N1,Urban,Urban
N20001119,Botanic_J3,Urban,Urban
N20001120,Botanic_J4,Urban,Urban
N20001121,Botanic_P1,Urban,Urban
N20001122,Botanic_L1,Urban,Urban
N20001123,Botanic_H7,Urban,Urban
N20001124,Botanic_L2,Urban,Urban
N20001125,Botanic_K2,Urban,Urban
N20001126,Botanic_K3,Urban,Urban
N20001127,Botanic_N2,Urban,Urban
N20001128,Botanic_U1,Urban,Urban
N20001129,Botanic_K4,Urban,Urban
N20001130,Botanic_N3,Urban,Urban
N20001131,Botanic_N4,Urban,Urban
N20001132,Botanic_L3,Urban,Urban
N20001133,Botanic_L4,Urban,Urban
N20001134,Botanic_N5,Urban,Urban
N20001135,Botanic_R1,Urban,Urban
N20001136,Botanic_Q1,Urban,Urban
N20001137,Botanic_R2,Urban,Urban
N20001138,Botanic_T1,Urban,Urban
N20001139,Botanic_R3,Urban,Urban
N20001140,Botanic_S1,Urban,Urban
N20001141,Botanic_T2,Urban,Urban
N20001142,Botanic_Q2,Urban,Urban
N20001143,Botanic_R4,Urban,Urban
N20001144,Botanic_S2,Urban,Urban
N20001145,Botanic_P2,Urban,Urban
N20001146,Botanic_T3,Urban,Urban
N20001147,Botanic_T4,Urban,Urban
N20001148,Botanic_R5,Urban,Urban
N20001149,Botanic_U2,Urban,Urban
N20001150,Botanic_W1,Urban,Urban
N20001151,Botanic_Q3,Urban,Urban
N20001152,Botanic_S3,Urban,Urban
N20001153,Botanic_Q4,Urban,Urban
N20001154,Botanic_W2,Urban,Urban
N20001155,Botanic_W3,Urban,Urban
N20001156,Botanic_S4,Urban,Urban
N20001157,Botanic_Q5,Urban,Urban
N20001158,Botanic_P3,Urban,Urban
N20001159,Botanic_W4,Urban,Urban
N20001160,Botanic_W5,Urban,Urban
N20001161,Botanic_U3,Urban,Urban
N20001162,Botanic_X1,Urban,Urban
N20001163,Botanic_T5,Urban,Urban
N20001164,Botanic_W6,Urban,Urban
N20001165,Botanic_P4,Urban,Urban
N20001166,Botanic_P5,Urban,Urban
N20001167,Botanic_X2,Urban,Urban
N20001168,Botanic_Y1,Urban,Urban
N20001169,Botanic_X3,Urban,Urban
N20001170,Botanic_Y2,Urban,Urban
N20001171,Botanic_X4,Urban,Urban
N20001172,Botanic_Y3,Urban,Urban
N20001173,Botanic_Y4,Urban,Urban
N20001174,Botanic_Y5,Urban,Urban
N20001175,Botanic_Z1,Urban,Urban
N20001176,Botanic_Z2,Urban,Urban
N20001177,Botanic_Z3,Urban,Urban
N20001178,Botanic_Z4,Urban,Urban
N20001179,Balmoral_A1,Urban,Urban
N20001180,Balmoral_A2,Urban,Urban
N20001181,Balmoral_A3,Urban,Urban
N20001182,Balmoral_A4,Urban,Urban
N20001183,Balmoral_A5,Urban,Urban
N20001184,Balmoral_B1,Urban,Urban
N20001185,Balmoral_A6,Urban,Urban
N20001186,Balmoral_B2,Urban,Urban
N20001187,Balmoral_F1,Urban,Urban
N20001188,Balmoral_F2,Urban,Urban
N20001189,Balmoral_E1,Urban,Urban
N20001190,Balmoral_D1,Urban,Urban
N20001191,Balmoral_C1,Urban,Urban
N20001192,Balmoral_D2,Urban,Urban
N20001193,Balmoral_E2,Urban,Urban
N20001194,Balmoral_C2,Urban,Urban
N20001195,Balmoral_D3,Urban,Urban
N20001196,Balmoral_E3,Urban,Urban
N20001197,Balmoral_D4,Urban,Urban
N20001198,Balmoral_E4,Urban,Urban
N20001199,Balmoral_E5,Urban,Urban
N20001200,Balmoral_F3,Urban,Urban
N20001201,Balmoral_C3,Urban,Urban
N20001202,Balmoral_H1,Urban,Urban
N20001203,Balmoral_G1,Urban,Urban
N20001204,Balmoral_H2,Urban,Urban
N20001205,Balmoral_G2,Urban,Urban
N20001206,Balmoral_G3,Urban,Urban
N20001207,Balmoral_C4,Urban,Urban
N20001208,Balmoral_J1,Urban,Urban
N20001209,Balmoral_H3,Urban,Urban
N20001210,Balmoral_G4,Urban,Urban
N20001211,Balmoral_J2,Urban,Urban
N20001212,Balmoral_H4,Urban,Urban
N20001213,Balmoral_G5,Urban,Urban
N20001214,Balmoral_J3,Urban,Urban
N20001215,Balmoral_N1,Urban,Urban
N20001216,Balmoral_J4,Urban,Urban
N20001217,Balmoral_F4,Urban,Urban
N20001218,Balmoral_L1,Urban,Urban
N20001219,Balmoral_J5,Urban,Urban
N20001220,Balmoral_N2,Urban,Urban
N20001221,Balmoral_N3,Urban,Urban
N20001222,Balmoral_K1,Urban,Urban
N20001223,Balmoral_K2,Urban,Urban
N20001224,Balmoral_F5,Urban,Urban
N20001225,Balmoral_K3,Urban,Urban
N20001226,Balmoral_L2,Urban,Urban
N20001227,Balmoral_K4,Urban,Urban
N20001228,Balmoral_P1,Urban,Urban
N20001229,Balmoral_P2,Urban,Urban
N20001230,Balmoral_L3,Urban,Urban
N20001231,Balmoral_L4,Urban,Urban
N20001232,Balmoral_P3,Urban,Urban
N20001233,Balmoral_N4,Non-urban,Mixed
N20001234,Balmoral_P4,Non-urban,Rural
N20001235,Collin_A1,Urban,Urban
N20001236,Collin_A2,Urban,Urban
N20001237,Collin_D1,Urban,Urban
N20001238,Collin_A3,Urban,Urban
N20001239,Collin_B1,Non-urban,Mixed
N20001240,Collin_C1,Urban,Urban
N20001241,Collin_E1,Urban,Urban
N20001242,Collin_C2,Urban,Urban
N20001243,Collin_E2,Urban,Urban
N20001244,Collin_D2,Urban,Urban
N20001245,Collin_A4,Urban,Urban
N20001246,Collin_F1,Urban,Urban
N20001247,Collin_D3,Urban,Urban
N20001248,Collin_E3,Urban,Urban
N20001249,Collin_C3,Urban,Urban
N20001250,Collin_F2,Urban,Urban
N20001251,Collin_D4,Urban,Urban
N20001252,Collin_E4,Urban,Urban
N20001253,Collin_J1,Urban,Urban
N20001254,Collin_F3,Urban,Urban
N20001255,Collin_B2,Urban,Urban
N20001256,Collin_G1,Urban,Urban
N20001257,Collin_G2,Urban,Urban
N20001258,Collin_H1,Urban,Urban
N20001259,Collin_K1,Urban,Urban
N20001260,Collin_J2,Urban,Urban
N20001261,Collin_B3,Urban,Urban
N20001262,Collin_G3,Urban,Urban
N20001263,Collin_G4,Urban,Urban
N20001264,Collin_H2,Urban,Urban
N20001265,Collin_H3,Urban,Urban
N20001266,Collin_G5,Urban,Urban
N20001267,Collin_L1,Urban,Urban
N20001268,Collin_B4,Urban,Urban
N20001269,Collin_K2,Urban,Urban
N20001270,Collin_K3,Urban,Urban
N20001271,Collin_H4,Urban,Urban
N20001272,Collin_N1,Urban,Urban
N20001273,Collin_L2,Urban,Urban
N20001274,Collin_P1,Urban,Urban
N20001275,Collin_J3,Urban,Urban
N20001276,Collin_K4,Urban,Urban
N20001277,Collin_N2,Urban,Urban
N20001278,Collin_L3,Urban,Urban
N20001279,Collin_L4,Urban,Urban
N20001280,Collin_J4,Urban,Urban
N20001281,Collin_R1,Urban,Urban
N20001282,Collin_Q1,Urban,Urban
N20001283,Collin_P2,Urban,Urban
N20001284,Collin_N3,Urban,Urban
N20001285,Collin_P3,Urban,Urban
N20001286,Collin_P4,Urban,Urban
N20001287,Collin_Q2,Urban,Urban
N20001288,Collin_P5,Urban,Urban
N20001289,Collin_R2,Urban,Urban
N20001290,Collin_Q3,Urban,Urban
N20001291,Collin_N4,Urban,Urban
N20001292,Collin_R3,Urban,Urban
N20001293,Collin_P6,Urban,Urban
N20001294,Collin_R4,Urban,Urban
N20001295,Collin_Q4,Urban,Urban
N20001296,Collin_R5,Urban,Urban
N20001297,Black_Mountain_A1,Urban,Urban
N20001298,Black_Mountain_A2,Urban,Urban
N20001299,Black_Mountain_A3,Urban,Urban
N20001300,Black_Mountain_B1,Urban,Urban
N20001301,Black_Mountain_A4,Urban,Urban
N20001302,Black_Mountain_A5,Urban,Urban
N20001303,Black_Mountain_B2,Urban,Urban
N20001304,Black_Mountain_B3,Urban,Urban
N20001305,Black_Mountain_B4,Urban,Urban
N20001306,Black_Mountain_A6,Urban,Urban
N20001307,Black_Mountain_C1,Urban,Urban
N20001308,Black_Mountain_D1,Urban,Urban
N20001309,Black_Mountain_D2,Non-urban,Mixed
N20001310,Black_Mountain_E1,Urban,Urban
N20001311,Black_Mountain_C2,Urban,Urban
N20001312,Black_Mountain_C3,Urban,Urban
N20001313,Black_Mountain_E2,Urban,Urban
N20001314,Black_Mountain_E3,Urban,Urban
N20001315,Black_Mountain_C4,Urban,Urban
N20001316,Black_Mountain_E4,Urban,Urban
N20001317,Black_Mountain_F1,Urban,Urban
N20001318,Black_Mountain_J1,Urban,Urban
N20001319,Black_Mountain_J2,Urban,Urban
N20001320,Black_Mountain_F2,Urban,Urban
N20001321,Black_Mountain_J3,Urban,Urban
N20001322,Black_Mountain_J4,Urban,Urban
N20001323,Black_Mountain_H1,Urban,Urban
N20001324,Black_Mountain_J5,Urban,Urban
N20001325,Black_Mountain_F3,Urban,Urban
N20001326,Black_Mountain_F4,Urban,Urban
N20001327,Black_Mountain_G1,Urban,Urban
N20001328,Black_Mountain_H2,Urban,Urban
N20001329,Black_Mountain_G2,Urban,Urban
N20001330,Black_Mountain_G3,Urban,Urban
N20001331,Black_Mountain_G4,Urban,Urban
N20001332,Black_Mountain_K1,Urban,Urban
N20001333,Black_Mountain_G5,Urban,Urban
N20001334,Black_Mountain_G6,Urban,Urban
N20001335,Black_Mountain_K2,Urban,Urban
N20001336,Black_Mountain_J6,Urban,Urban
N20001337,Black_Mountain_H3,Urban,Urban
N20001338,Black_Mountain_K3,Urban,Urban
N20001339,Black_Mountain_K4,Urban,Urban
N20001340,Black_Mountain_H4,Urban,Urban
N20001341,Black_Mountain_D3,Urban,Urban
N20001342,Black_Mountain_L1,Urban,Urban
N20001343,Black_Mountain_N1,Urban,Urban
N20001344,Black_Mountain_N2,Urban,Urban
N20001345,Black_Mountain_L2,Urban,Urban
N20001346,Black_Mountain_P1,Urban,Urban
N20001347,Black_Mountain_H5,Urban,Urban
N20001348,Black_Mountain_N3,Urban,Urban
N20001349,Black_Mountain_N4,Urban,Urban
N20001350,Black_Mountain_R1,Urban,Urban
N20001351,Black_Mountain_D4,Urban,Urban
N20001352,Black_Mountain_L3,Urban,Urban
N20001353,Black_Mountain_N5,Urban,Urban
N20001354,Black_Mountain_L4,Urban,Urban
N20001355,Black_Mountain_N6,Urban,Urban
N20001356,Black_Mountain_Q1,Urban,Urban
N20001357,Black_Mountain_L5,Urban,Urban
N20001358,Black_Mountain_P2,Urban,Urban
N20001359,Black_Mountain_P3,Urban,Urban
N20001360,Black_Mountain_P4,Urban,Urban
N20001361,Black_Mountain_R2,Urban,Urban
N20001362,Black_Mountain_Q2,Urban,Urban
N20001363,Black_Mountain_Q3,Urban,Urban
N20001364,Black_Mountain_R3,Urban,Urban
N20001365,Black_Mountain_P5,Urban,Urban
N20001366,Black_Mountain_R4,Urban,Urban
N20001367,Black_Mountain_R5,Urban,Urban
N20001368,Black_Mountain_R6,Urban,Urban
N20001369,Court_C1,Urban,Urban
N20001370,Court_A1,Urban,Urban
N20001371,Court_A2,Urban,Urban
N20001372,Court_C2,Urban,Urban
N20001373,Court_A3,Urban,Urban
N20001374,Court_B1,Urban,Urban
N20001375,Court_B2,Urban,Urban
N20001376,Court_C3,Urban,Urban
N20001377,Court_B3,Urban,Urban
N20001378,Court_C4,Urban,Urban
N20001379,Court_J1,Urban,Urban
N20001380,Court_E1,Urban,Urban
N20001381,Court_D1,Urban,Urban
N20001382,Court_B4,Urban,Urban
N20001383,Court_D2,Urban,Urban
N20001384,Court_F1,Urban,Urban
N20001385,Court_D3,Urban,Urban
N20001386,Court_E2,Urban,Urban
N20001387,Court_G1,Urban,Urban
N20001388,Court_E3,Urban,Urban
N20001389,Court_G2,Urban,Urban
N20001390,Court_H1,Urban,Urban
N20001391,Court_E4,Urban,Urban
N20001392,Court_E5,Urban,Urban
N20001393,Court_H2,Urban,Urban
N20001394,Court_F2,Urban,Urban
N20001395,Court_G3,Urban,Urban
N20001396,Court_K1,Urban,Urban
N20001397,Court_H3,Urban,Urban
N20001398,Court_K2,Urban,Urban
N20001399,Court_H4,Urban,Urban
N20001400,Court_F3,Urban,Urban
N20001401,Court_J2,Urban,Urban
N20001402,Court_L1,Urban,Urban
N20001403,Court_L2,Urban,Urban
N20001404,Court_J3,Urban,Urban
N20001405,Court_L3,Urban,Urban
N20001406,Court_K3,Urban,Urban
N20001407,Court_N1,Urban,Urban
N20001408,Court_P1,Urban,Urban
N20001409,Court_K4,Urban,Urban
N20001410,Court_S1,Urban,Urban
N20001411,Court_P2,Urban,Urban
N20001412,Court_K5,Urban,Urban
N20001413,Court_N2,Urban,Urban
N20001414,Court_Q1,Urban,Urban
N20001415,Court_P3,Urban,Urban
N20001416,Court_R1,Urban,Urban
N20001417,Court_R2,Urban,Urban
N20001418,Court_Q2,Urban,Urban
N20001419,Court_N3,Urban,Urban
N20001420,Court_N4,Urban,Urban
N20001421,Court_S2,Urban,Urban
N20001422,Court_J4,Urban,Urban
N20001423,Court_Q3,Urban,Urban
N20001424,Court_R3,Urban,Urban
N20001425,Court_U1,Urban,Urban
N20001426,Court_P4,Urban,Urban
N20001427,Court_U2,Urban,Urban
N20001428,Court_T1,Urban,Urban
N20001429,Court_W1,Urban,Urban
N20001430,Court_Q4,Urban,Urban
N20001431,Court_S3,Urban,Urban
N20001432,Court_S4,Urban,Urban
N20001433,Court_W2,Urban,Urban
N20001434,Court_U3,Urban,Urban
N20001435,Court_X1,Urban,Urban
N20001436,Court_T2,Urban,Urban
N20001437,Court_S5,Urban,Urban
N20001438,Court_W3,Urban,Urban
N20001439,Court_X2,Urban,Urban
N20001440,Court_S6,Urban,Urban
N20001441,Court_X3,Urban,Urban
N20001442,Court_T3,Urban,Urban
N20001443,Court_X4,Urban,Urban
N20001444,Court_W4,Urban,Urban
N20001445,Court_X5,Urban,Urban
N20001446,Benbradagh_B1,Non-urban,Rural
N20001447,Benbradagh_A1,Non-urban,Rural
N20001448,Benbradagh_A2,Non-urban,Rural
N20001449,Benbradagh_A3,Non-urban,Rural
N20001450,Benbradagh_A4,Non-urban,Rural
N20001451,Benbradagh_A5,Non-urban,Rural
N20001452,Benbradagh_A6,Non-urban,Rural
N20001453,Benbradagh_A7,Non-urban,Rural
N20001454,Benbradagh_C1,Non-urban,Rural
N20001455,Benbradagh_C2,Non-urban,Rural
N20001456,Benbradagh_C3,Non-urban,Rural
N20001457,Benbradagh_B2,Non-urban,Rural
N20001458,Benbradagh_D1,Non-urban,Rural
N20001459,Benbradagh_B3,Non-urban,Mixed
N20001460,Benbradagh_D2,Non-urban,Rural
N20001461,Benbradagh_D3,Non-urban,Rural
N20001462,Benbradagh_D4,Non-urban,Rural
N20001463,Benbradagh_D5,Non-urban,Rural
N20001464,Benbradagh_E1,Non-urban,Rural
N20001465,Benbradagh_D6,Non-urban,Rural
N20001466,Benbradagh_G1,Non-urban,Rural
N20001467,Benbradagh_E2,Non-urban,Rural
N20001468,Benbradagh_E3,Non-urban,Rural
N20001469,Benbradagh_F1,Non-urban,Rural
N20001470,Benbradagh_F2,Non-urban,Rural
N20001471,Benbradagh_F3,Non-urban,Rural
N20001472,Benbradagh_E4,Non-urban,Rural
N20001473,Benbradagh_F4,Non-urban,Rural
N20001474,Benbradagh_F5,Non-urban,Rural
N20001475,Benbradagh_F6,Non-urban,Rural
N20001476,Benbradagh_F7,Non-urban,Rural
N20001477,Benbradagh_E5,Non-urban,Rural
N20001478,Benbradagh_G2,Non-urban,Rural
N20001479,Benbradagh_E6,Non-urban,Rural
N20001480,Benbradagh_G3,Non-urban,Rural
N20001481,Limavady_A1,Non-urban,Rural
N20001482,Limavady_A2,Non-urban,Rural
N20001483,Limavady_A3,Non-urban,Rural
N20001484,Limavady_A4,Non-urban,Rural
N20001485,Limavady_F1,Non-urban,Rural
N20001486,Limavady_B1,Urban,Urban
N20001487,Limavady_C1,Urban,Urban
N20001488,Limavady_B2,Urban,Urban
N20001489,Limavady_C2,Urban,Urban
N20001490,Limavady_B3,Urban,Urban
N20001491,Limavady_D1,Urban,Urban
N20001492,Limavady_D2,Non-urban,Mixed
N20001493,Limavady_B4,Urban,Urban
N20001494,Limavady_C3,Urban,Urban
N20001495,Limavady_E1,Urban,Urban
N20001496,Limavady_E2,Urban,Urban
N20001497,Limavady_D3,Urban,Urban
N20001498,Limavady_E3,Urban,Urban
N20001499,Limavady_C4,Urban,Urban
N20001500,Limavady_E4,Urban,Urban
N20001501,Limavady_D4,Urban,Urban
N20001502,Limavady_C5,Urban,Urban
N20001503,Limavady_D5,Urban,Urban
N20001504,Limavady_E5,Urban,Urban
N20001505,Limavady_G1,Urban,Urban
N20001506,Limavady_D6,Urban,Urban
N20001507,Limavady_E6,Urban,Urban
N20001508,Limavady_G2,Urban,Urban
N20001509,Limavady_E7,Urban,Urban
N20001510,Limavady_G3,Urban,Urban
N20001511,Limavady_F2,Non-urban,Rural
N20001512,Limavady_F3,Non-urban,Rural
N20001513,Limavady_F4,Non-urban,Rural
N20001514,Bann_A1,Non-urban,Rural
N20001515,Bann_A2,Non-urban,Rural
N20001516,Bann_B1,Non-urban,Rural
N20001517,Bann_B2,Non-urban,Rural
N20001518,Bann_B3,Urban,Urban
N20001519,Bann_B4,Non-urban,Rural
N20001520,Bann_B5,Non-urban,Rural
N20001521,Bann_C1,Non-urban,Mixed
N20001522,Bann_C2,Non-urban,Rural
N20001523,Bann_C3,Non-urban,Rural
N20001524,Bann_C4,Non-urban,Rural
N20001525,Bann_C5,Non-urban,Rural
N20001526,Bann_D1,Non-urban,Rural
N20001527,Bann_D2,Non-urban,Rural
N20001528,Bann_D3,Non-urban,Rural
N20001529,Bann_D4,Non-urban,Rural
N20001530,Bann_E1,Non-urban,Rural
N20001531,Bann_D5,Non-urban,Rural
N20001532,Bann_D6,Non-urban,Rural
N20001533,Bann_E2,Non-urban,Rural
N20001534,Bann_D7,Non-urban,Rural
N20001535,Bann_F1,Non-urban,Rural
N20001536,Bann_F2,Non-urban,Rural
N20001537,Bann_F3,Non-urban,Rural
N20001538,Bann_G1,Non-urban,Rural
N20001539,Bann_E3,Non-urban,Rural
N20001540,Bann_H1,Non-urban,Rural
N20001541,Bann_H2,Non-urban,Rural
N20001542,Bann_G2,Non-urban,Rural
N20001543,Bann_H3,Non-urban,Rural
N20001544,Bann_G3,Non-urban,Rural
N20001545,Bann_G4,Non-urban,Rural
N20001546,Bann_G5,Non-urban,Rural
N20001547,Coleraine_A1,Urban,Urban
N20001548,Coleraine_B1,Urban,Urban
N20001549,Coleraine_B2,Urban,Urban
N20001550,Coleraine_A2,Urban,Urban
N20001551,Coleraine_A3,Urban,Urban
N20001552,Coleraine_C1,Urban,Urban
N20001553,Coleraine_A4,Urban,Urban
N20001554,Coleraine_A5,Urban,Urban
N20001555,Coleraine_B3,Urban,Urban
N20001556,Coleraine_C2,Urban,Urban
N20001557,Coleraine_C3,Urban,Urban
N20001558,Coleraine_B4,Urban,Urban
N20001559,Coleraine_C4,Urban,Urban
N20001560,Coleraine_B5,Urban,Urban
N20001561,Coleraine_E1,Urban,Urban
N20001562,Coleraine_D1,Urban,Urban
N20001563,Coleraine_C5,Urban,Urban
N20001564,Coleraine_E2,Urban,Urban
N20001565,Coleraine_E3,Urban,Urban
N20001566,Coleraine_C6,Urban,Urban
N20001567,Coleraine_D2,Urban,Urban
N20001568,Coleraine_F1,Urban,Urban
N20001569,Coleraine_F2,Urban,Urban
N20001570,Coleraine_D3,Urban,Urban
N20001571,Coleraine_G1,Urban,Urban
N20001572,Coleraine_E4,Urban,Urban
N20001573,Coleraine_F3,Urban,Urban
N20001574,Coleraine_G2,Urban,Urban
N20001575,Coleraine_G3,Urban,Urban
N20001576,Coleraine_G4,Urban,Urban
N20001577,Coleraine_H1,Urban,Urban
N20001578,Coleraine_G5,Urban,Urban
N20001579,Coleraine_G6,Urban,Urban
N20001580,Coleraine_F4,Urban,Urban
N20001581,Coleraine_F5,Urban,Urban
N20001582,Coleraine_H2,Urban,Urban
N20001583,Coleraine_J1,Urban,Urban
N20001584,Coleraine_J2,Urban,Urban
N20001585,Coleraine_K1,Urban,Urban
N20001586,Coleraine_H3,Urban,Urban
N20001587,Coleraine_K2,Urban,Urban
N20001588,Coleraine_J3,Urban,Urban
N20001589,Coleraine_J4,Urban,Urban
N20001590,Coleraine_H4,Urban,Urban
N20001591,Coleraine_H5,Urban,Urban
N20001592,Coleraine_J5,Urban,Urban
N20001593,Coleraine_J6,Urban,Urban
N20001594,Coleraine_H6,Urban,Urban
N20001595,Coleraine_K3,Urban,Urban
N20001596,Coleraine_K4,Urban,Urban
N20001597,Causeway_A1,Non-urban,Rural
N20001598,Causeway_A2,Non-urban,Rural
N20001599,Causeway_B1,Urban,Urban
N20001600,Causeway_C1,Non-urban,Rural
N20001601,Causeway_C2,Non-urban,Rural
N20001602,Causeway_J1,Non-urban,Rural
N20001603,Causeway_B2,Urban,Urban
N20001604,Causeway_B3,Urban,Urban
N20001605,Causeway_C3,Non-urban,Rural
N20001606,Causeway_C4,Non-urban,Rural
N20001607,Causeway_D1,Urban,Urban
N20001608,Causeway_D2,Urban,Urban
N20001609,Causeway_E1,Urban,Urban
N20001610,Causeway_D3,Urban,Urban
N20001611,Causeway_E2,Urban,Urban
N20001612,Causeway_D4,Urban,Urban
N20001613,Causeway_E3,Urban,Urban
N20001614,Causeway_E4,Urban,Urban
N20001615,Causeway_E5,Urban,Urban
N20001616,Causeway_F1,Urban,Urban
N20001617,Causeway_J2,Non-urban,Rural
N20001618,Causeway_E6,Non-urban,Mixed
N20001619,Causeway_A3,Non-urban,Rural
N20001620,Causeway_F2,Urban,Urban
N20001621,Causeway_G1,Urban,Urban
N20001622,Causeway_G2,Urban,Urban
N20001623,Causeway_F3,Non-urban,Mixed
N20001624,Causeway_F4,Urban,Urban
N20001625,Causeway_F5,Non-urban,Mixed
N20001626,Causeway_G3,Urban,Urban
N20001627,Causeway_K1,Non-urban,Rural
N20001628,Causeway_H1,Urban,Urban
N20001629,Causeway_G4,Urban,Urban
N20001630,Causeway_G5,Urban,Urban
N20001631,Causeway_H2,Urban,Urban
N20001632,Causeway_H3,Urban,Urban
N20001633,Causeway_G6,Urban,Urban
N20001634,Causeway_K2,Non-urban,Rural
N20001635,Causeway_H4,Urban,Urban
N20001636,Causeway_J3,Non-urban,Rural
N20001637,Causeway_H5,Urban,Urban
N20001638,Causeway_H6,Urban,Urban
N20001639,Causeway_L1,Non-urban,Rural
N20001640,Causeway_K3,Non-urban,Rural
N20001641,Causeway_J4,Non-urban,Rural
N20001642,Causeway_L2,Non-urban,Rural
N20001643,Causeway_J5,Non-urban,Rural
N20001644,Causeway_K4,Non-urban,Rural
N20001645,Causeway_L3,Non-urban,Rural
N20001646,Causeway_L4,Non-urban,Rural
N20001647,Causeway_K5,Non-urban,Mixed
N20001648,Causeway_L5,Non-urban,Rural
N20001649,Causeway_L6,Non-urban,Rural
N20001650,Causeway_L7,Non-urban,Rural
N20001651,The_Glens_B1,Non-urban,Rural
N20001652,The_Glens_C1,Non-urban,Rural
N20001653,The_Glens_A1,Urban,Urban
N20001654,The_Glens_A2,Urban,Urban
N20001655,The_Glens_A3,Urban,Urban
N20001656,The_Glens_A4,Urban,Urban
N20001657,The_Glens_B2,Urban,Urban
N20001658,The_Glens_C2,Non-urban,Rural
N20001659,The_Glens_B3,Urban,Urban
N20001660,The_Glens_A5,Urban,Urban
N20001661,The_Glens_B4,Urban,Urban
N20001662,The_Glens_B5,Urban,Urban
N20001663,The_Glens_B6,Urban,Urban
N20001664,The_Glens_B7,Urban,Urban
N20001665,The_Glens_C3,Non-urban,Rural
N20001666,The_Glens_C4,Non-urban,Rural
N20001667,The_Glens_E1,Non-urban,Rural
N20001668,The_Glens_C5,Non-urban,Rural
N20001669,The_Glens_D1,Non-urban,Rural
N20001670,The_Glens_D2,Non-urban,Rural
N20001671,The_Glens_D3,Non-urban,Rural
N20001672,The_Glens_D4,Non-urban,Rural
N20001673,The_Glens_E2,Non-urban,Rural
N20001674,The_Glens_F1,Non-urban,Rural
N20001675,The_Glens_E3,Non-urban,Rural
N20001676,The_Glens_F2,Non-urban,Rural
N20001677,The_Glens_E4,Non-urban,Rural
N20001678,The_Glens_F3,Non-urban,Rural
N20001679,The_Glens_G1,Non-urban,Rural
N20001680,The_Glens_G2,Non-urban,Rural
N20001681,The_Glens_F4,Non-urban,Rural
N20001682,The_Glens_G3,Non-urban,Rural
N20001683,The_Glens_F5,Non-urban,Rural
N20001684,The_Glens_G4,Non-urban,Rural
N20001685,Ballymoney_A1,Non-urban,Rural
N20001686,Ballymoney_C1,Urban,Urban
N20001687,Ballymoney_B1,Urban,Urban
N20001688,Ballymoney_B2,Urban,Urban
N20001689,Ballymoney_C2,Urban,Urban
N20001690,Ballymoney_B3,Urban,Urban
N20001691,Ballymoney_C3,Urban,Urban
N20001692,Ballymoney_B4,Urban,Urban
N20001693,Ballymoney_D1,Urban,Urban
N20001694,Ballymoney_D2,Urban,Urban
N20001695,Ballymoney_B5,Urban,Urban
N20001696,Ballymoney_E1,Urban,Urban
N20001697,Ballymoney_E2,Urban,Urban
N20001698,Ballymoney_D3,Urban,Urban
N20001699,Ballymoney_C4,Urban,Urban
N20001700,Ballymoney_D4,Urban,Urban
N20001701,Ballymoney_E3,Urban,Urban
N20001702,Ballymoney_F1,Urban,Urban
N20001703,Ballymoney_D5,Urban,Urban
N20001704,Ballymoney_E4,Urban,Urban
N20001705,Ballymoney_A2,Non-urban,Rural
N20001706,Ballymoney_E5,Urban,Urban
N20001707,Ballymoney_A3,Non-urban,Rural
N20001708,Ballymoney_A4,Non-urban,Rural
N20001709,Ballymoney_F2,Non-urban,Mixed
N20001710,Ballymoney_F3,Urban,Urban
N20001711,Ballymoney_F4,Urban,Urban
N20001712,Ballymoney_H1,Non-urban,Rural
N20001713,Ballymoney_A5,Non-urban,Rural
N20001714,Ballymoney_K1,Non-urban,Rural
N20001715,Ballymoney_G1,Non-urban,Rural
N20001716,Ballymoney_G2,Non-urban,Rural
N20001717,Ballymoney_K2,Non-urban,Rural
N20001718,Ballymoney_H2,Non-urban,Rural
N20001719,Ballymoney_H3,Non-urban,Rural
N20001720,Ballymoney_K3,Non-urban,Rural
N20001721,Ballymoney_J1,Non-urban,Rural
N20001722,Ballymoney_H4,Non-urban,Rural
N20001723,Ballymoney_J2,Non-urban,Rural
N20001724,Ballymoney_H5,Non-urban,Rural
N20001725,Ballymoney_H6,Non-urban,Rural
N20001726,Ballymoney_K4,Non-urban,Rural
N20001727,Ballymoney_K5,Non-urban,Rural
N20001728,Ballymoney_L1,Non-urban,Rural
N20001729,Ballymoney_L2,Non-urban,Rural
N20001730,Ballymoney_L3,Non-urban,Rural
N20001731,Ballymoney_K6,Non-urban,Rural
N20001732,The_Moor_H1,Urban,Urban
N20001733,The_Moor_H2,Urban,Urban
N20001734,The_Moor_A1,Urban,Urban
N20001735,The_Moor_B1,Urban,Urban
N20001736,The_Moor_A2,Urban,Urban
N20001737,The_Moor_B2,Urban,Urban
N20001738,The_Moor_B3,Urban,Urban
N20001739,The_Moor_A3,Urban,Urban
N20001740,The_Moor_B4,Urban,Urban
N20001741,The_Moor_C1,Urban,Urban
N20001742,The_Moor_A4,Urban,Urban
N20001743,The_Moor_C2,Urban,Urban
N20001744,The_Moor_A5,Urban,Urban
N20001745,The_Moor_C3,Urban,Urban
N20001746,The_Moor_B5,Urban,Urban
N20001747,The_Moor_B6,Urban,Urban
N20001748,The_Moor_B7,Urban,Urban
N20001749,The_Moor_D1,Urban,Urban
N20001750,The_Moor_C4,Urban,Urban
N20001751,The_Moor_F1,Urban,Urban
N20001752,The_Moor_D2,Urban,Urban
N20001753,The_Moor_E1,Urban,Urban
N20001754,The_Moor_G1,Urban,Urban
N20001755,The_Moor_D3,Urban,Urban
N20001756,The_Moor_G2,Urban,Urban
N20001757,The_Moor_D4,Urban,Urban
N20001758,The_Moor_F2,Urban,Urban
N20001759,The_Moor_F3,Urban,Urban
N20001760,The_Moor_D5,Urban,Urban
N20001761,The_Moor_G3,Urban,Urban
N20001762,The_Moor_E2,Urban,Urban
N20001763,The_Moor_D6,Urban,Urban
N20001764,The_Moor_G4,Urban,Urban
N20001765,The_Moor_F4,Urban,Urban
N20001766,The_Moor_F5,Urban,Urban
N20001767,The_Moor_H3,Non-urban,Rural
N20001768,Foyleside_A1,Non-urban,Mixed
N20001769,Foyleside_A2,Urban,Urban
N20001770,Foyleside_A3,Urban,Urban
N20001771,Foyleside_B1,Urban,Urban
N20001772,Foyleside_B2,Urban,Urban
N20001773,Foyleside_A4,Urban,Urban
N20001774,Foyleside_A5,Urban,Urban
N20001775,Foyleside_D1,Urban,Urban
N20001776,Foyleside_E1,Urban,Urban
N20001777,Foyleside_B3,Urban,Urban
N20001778,Foyleside_E2,Urban,Urban
N20001779,Foyleside_C1,Urban,Urban
N20001780,Foyleside_C2,Urban,Urban
N20001781,Foyleside_B4,Urban,Urban
N20001782,Foyleside_C3,Urban,Urban
N20001783,Foyleside_E3,Urban,Urban
N20001784,Foyleside_D2,Urban,Urban
N20001785,Foyleside_E4,Urban,Urban
N20001786,Foyleside_C4,Non-urban,Mixed
N20001787,Foyleside_D3,Urban,Urban
N20001788,Foyleside_E5,Urban,Urban
N20001789,Foyleside_F1,Urban,Urban
N20001790,Foyleside_D4,Urban,Urban
N20001791,Foyleside_D5,Urban,Urban
N20001792,Foyleside_E6,Urban,Urban
N20001793,Foyleside_D6,Urban,Urban
N20001794,Foyleside_D7,Urban,Urban
N20001795,Foyleside_G1,Urban,Urban
N20001796,Foyleside_G2,Urban,Urban
N20001797,Foyleside_F2,Urban,Urban
N20001798,Foyleside_F3,Urban,Urban
N20001799,Foyleside_G3,Urban,Urban
N20001800,Foyleside_G4,Urban,Urban
N20001801,Foyleside_F4,Urban,Urban
N20001802,Foyleside_F5,Urban,Urban
N20001803,Ballyarnett_A1,Non-urban,Rural
N20001804,Ballyarnett_A2,Non-urban,Rural
N20001805,Ballyarnett_A3,Non-urban,Rural
N20001806,Ballyarnett_C1,Non-urban,Rural
N20001807,Ballyarnett_A4,Non-urban,Rural
N20001808,Ballyarnett_D1,Urban,Urban
N20001809,Ballyarnett_D2,Urban,Urban
N20001810,Ballyarnett_D3,Urban,Urban
N20001811,Ballyarnett_B1,Urban,Urban
N20001812,Ballyarnett_C2,Non-urban,Rural
N20001813,Ballyarnett_B2,Urban,Urban
N20001814,Ballyarnett_D4,Urban,Urban
N20001815,Ballyarnett_B3,Urban,Urban
N20001816,Ballyarnett_D5,Urban,Urban
N20001817,Ballyarnett_B4,Urban,Urban
N20001818,Ballyarnett_E1,Urban,Urban
N20001819,Ballyarnett_F1,Urban,Urban
N20001820,Ballyarnett_J1,Urban,Urban
N20001821,Ballyarnett_E2,Urban,Urban
N20001822,Ballyarnett_G1,Urban,Urban
N20001823,Ballyarnett_E3,Urban,Urban
N20001824,Ballyarnett_H1,Urban,Urban
N20001825,Ballyarnett_H2,Urban,Urban
N20001826,Ballyarnett_D6,Urban,Urban
N20001827,Ballyarnett_F2,Urban,Urban
N20001828,Ballyarnett_F3,Urban,Urban
N20001829,Ballyarnett_E4,Urban,Urban
N20001830,Ballyarnett_K1,Urban,Urban
N20001831,Ballyarnett_F4,Urban,Urban
N20001832,Ballyarnett_G2,Urban,Urban
N20001833,Ballyarnett_J2,Urban,Urban
N20001834,Ballyarnett_H3,Urban,Urban
N20001835,Ballyarnett_G3,Urban,Urban
N20001836,Ballyarnett_K2,Urban,Urban
N20001837,Ballyarnett_G4,Urban,Urban
N20001838,Ballyarnett_K3,Urban,Urban
N20001839,Ballyarnett_J3,Urban,Urban
N20001840,Ballyarnett_H4,Urban,Urban
N20001841,Ballyarnett_G5,Urban,Urban
N20001842,Ballyarnett_G6,Urban,Urban
N20001843,Ballyarnett_L1,Urban,Urban
N20001844,Ballyarnett_K4,Urban,Urban
N20001845,Ballyarnett_L2,Urban,Urban
N20001846,Ballyarnett_J4,Urban,Urban
N20001847,Ballyarnett_L3,Urban,Urban
N20001848,Ballyarnett_L4,Urban,Urban
N20001849,Ballyarnett_J5,Urban,Urban
N20001850,Waterside_A1,Urban,Urban
N20001851,Waterside_A2,Urban,Urban
N20001852,Waterside_B1,Urban,Urban
N20001853,Waterside_B2,Urban,Urban
N20001854,Waterside_A3,Urban,Urban
N20001855,Waterside_A4,Urban,Urban
N20001856,Waterside_B3,Urban,Urban
N20001857,Waterside_B4,Urban,Urban
N20001858,Waterside_C1,Urban,Urban
N20001859,Waterside_C2,Urban,Urban
N20001860,Waterside_A5,Urban,Urban
N20001861,Waterside_C3,Urban,Urban
N20001862,Waterside_D1,Urban,Urban
N20001863,Waterside_D2,Urban,Urban
N20001864,Waterside_D3,Urban,Urban
N20001865,Waterside_D4,Urban,Urban
N20001866,Waterside_E1,Urban,Urban
N20001867,Waterside_C4,Urban,Urban
N20001868,Waterside_E2,Urban,Urban
N20001869,Waterside_E3,Urban,Urban
N20001870,Waterside_E4,Urban,Urban
N20001871,Waterside_D5,Urban,Urban
N20001872,Waterside_C5,Urban,Urban
N20001873,Waterside_F1,Urban,Urban
N20001874,Waterside_E5,Urban,Urban
N20001875,Waterside_F2,Urban,Urban
N20001876,Waterside_G1,Urban,Urban
N20001877,Waterside_L1,Urban,Urban
N20001878,Waterside_F3,Urban,Urban
N20001879,Waterside_F4,Urban,Urban
N20001880,Waterside_G2,Urban,Urban
N20001881,Waterside_G3,Urban,Urban
N20001882,Waterside_G4,Urban,Urban
N20001883,Waterside_L2,Urban,Urban
N20001884,Waterside_H1,Urban,Urban
N20001885,Waterside_G5,Urban,Urban
N20001886,Waterside_J1,Urban,Urban
N20001887,Waterside_N1,Urban,Urban
N20001888,Waterside_H2,Urban,Urban
N20001889,Waterside_L3,Urban,Urban
N20001890,Waterside_N2,Urban,Urban
N20001891,Waterside_H3,Urban,Urban
N20001892,Waterside_N3,Urban,Urban
N20001893,Waterside_K1,Urban,Urban
N20001894,Waterside_K2,Urban,Urban
N20001895,Waterside_J2,Urban,Urban
N20001896,Waterside_J3,Urban,Urban
N20001897,Waterside_K3,Urban,Urban
N20001898,Waterside_K4,Non-urban,Mixed
N20001899,Waterside_K5,Urban,Urban
N20001900,Waterside_J4,Urban,Urban
N20001901,Waterside_N4,Urban,Urban
N20001902,Waterside_P1,Urban,Urban
N20001903,Waterside_P2,Urban,Urban
N20001904,Waterside_L4,Urban,Urban
N20001905,Waterside_P3,Urban,Urban
N20001906,Waterside_P4,Urban,Urban
N20001907,Waterside_P5,Urban,Urban
N20001908,Faughan_D1,Non-urban,Rural
N20001909,Faughan_A1,Non-urban,Rural
N20001910,Faughan_A2,Non-urban,Rural
N20001911,Faughan_A3,Non-urban,Rural
N20001912,Faughan_A4,Non-urban,Rural
N20001913,Faughan_A5,Non-urban,Rural
N20001914,Faughan_B1,Non-urban,Rural
N20001915,Faughan_D2,Non-urban,Rural
N20001916,Faughan_B2,Non-urban,Rural
N20001917,Faughan_C1,Non-urban,Rural
N20001918,Faughan_C2,Non-urban,Rural
N20001919,Faughan_C3,Non-urban,Rural
N20001920,Faughan_C4,Non-urban,Rural
N20001921,Faughan_D3,Non-urban,Rural
N20001922,Faughan_D4,Non-urban,Rural
N20001923,Faughan_E1,Non-urban,Rural
N20001924,Faughan_D5,Non-urban,Rural
N20001925,Faughan_G1,Urban,Urban
N20001926,Faughan_G2,Urban,Urban
N20001927,Faughan_E2,Non-urban,Rural
N20001928,Faughan_F1,Non-urban,Rural
N20001929,Faughan_E3,Non-urban,Mixed
N20001930,Faughan_F2,Non-urban,Rural
N20001931,Faughan_F3,Non-urban,Rural
N20001932,Faughan_F4,Non-urban,Rural
N20001933,Faughan_F5,Non-urban,Rural
N20001934,Faughan_F6,Non-urban,Rural
N20001935,Faughan_G3,Non-urban,Rural
N20001936,Faughan_E4,Non-urban,Rural
N20001937,Faughan_E5,Non-urban,Rural
N20001938,Faughan_E6,Non-urban,Rural
N20001939,Faughan_G4,Non-urban,Rural
N20001940,Faughan_G5,Non-urban,Rural
N20001941,Faughan_G6,Non-urban,Rural
N20001942,Faughan_H1,Non-urban,Rural
N20001943,Faughan_H2,Non-urban,Rural
N20001944,Faughan_H3,Non-urban,Rural
N20001945,Faughan_G7,Non-urban,Rural
N20001946,Sperrin_A1,Non-urban,Rural
N20001947,Sperrin_B1,Non-urban,Rural
N20001948,Sperrin_B2,Non-urban,Rural
N20001949,Sperrin_A2,Non-urban,Rural
N20001950,Sperrin_B3,Non-urban,Rural
N20001951,Sperrin_B4,Non-urban,Rural
N20001952,Sperrin_C1,Non-urban,Rural
N20001953,Sperrin_A3,Non-urban,Rural
N20001954,Sperrin_F1,Non-urban,Rural
N20001955,Sperrin_B5,Non-urban,Rural
N20001956,Sperrin_F2,Non-urban,Rural
N20001957,Sperrin_C2,Non-urban,Rural
N20001958,Sperrin_C3,Non-urban,Rural
N20001959,Sperrin_C4,Non-urban,Rural
N20001960,Sperrin_D1,Urban,Urban
N20001961,Sperrin_C5,Non-urban,Rural
N20001962,Sperrin_D2,Urban,Urban
N20001963,Sperrin_D3,Urban,Urban
N20001964,Sperrin_D4,Urban,Urban
N20001965,Sperrin_E1,Urban,Urban
N20001966,Sperrin_D5,Urban,Urban
N20001967,Sperrin_D6,Urban,Urban
N20001968,Sperrin_C6,Non-urban,Rural
N20001969,Sperrin_E2,Urban,Urban
N20001970,Sperrin_E3,Urban,Urban
N20001971,Sperrin_F3,Non-urban,Rural
N20001972,Sperrin_E4,Urban,Urban
N20001973,Sperrin_G1,Urban,Urban
N20001974,Sperrin_H1,Urban,Urban
N20001975,Sperrin_G2,Urban,Urban
N20001976,Sperrin_H2,Urban,Urban
N20001977,Sperrin_H3,Urban,Urban
N20001978,Sperrin_G3,Urban,Urban
N20001979,Sperrin_G4,Urban,Urban
N20001980,Sperrin_H4,Urban,Urban
N20001981,Sperrin_F4,Non-urban,Rural
N20001982,Sperrin_G5,Urban,Urban
N20001983,Sperrin_G6,Urban,Urban
N20001984,Sperrin_H5,Urban,Urban
N20001985,Sperrin_H6,Urban,Urban
N20001986,Sperrin_J1,Urban,Urban
N20001987,Sperrin_J2,Urban,Urban
N20001988,Sperrin_K1,Non-urban,Rural
N20001989,Sperrin_F5,Non-urban,Rural
N20001990,Sperrin_K2,Non-urban,Rural
N20001991,Sperrin_K3,Non-urban,Rural
N20001992,Sperrin_K4,Non-urban,Rural
N20001993,Sperrin_K5,Non-urban,Rural
N20001994,Derg_A1,Urban,Urban
N20001995,Derg_A2,Urban,Urban
N20001996,Derg_A3,Urban,Urban
N20001997,Derg_A4,Urban,Urban
N20001998,Derg_C1,Non-urban,Rural
N20001999,Derg_C2,Non-urban,Rural
N20002000,Derg_B1,Non-urban,Rural
N20002001,Derg_B2,Non-urban,Rural
N20002002,Derg_B3,Non-urban,Rural
N20002003,Derg_C3,Non-urban,Rural
N20002004,Derg_B4,Non-urban,Rural
N20002005,Derg_C4,Non-urban,Rural
N20002006,Derg_C5,Non-urban,Rural
N20002007,Derg_D1,Non-urban,Rural
N20002008,Derg_D2,Non-urban,Rural
N20002009,Derg_E1,Non-urban,Rural
N20002010,Derg_E2,Non-urban,Rural
N20002011,Derg_E3,Non-urban,Rural
N20002012,Derg_F1,Non-urban,Rural
N20002013,Derg_D3,Non-urban,Rural
N20002014,Derg_F2,Non-urban,Rural
N20002015,Derg_H1,Non-urban,Rural
N20002016,Derg_F3,Non-urban,Rural
N20002017,Derg_G1,Non-urban,Rural
N20002018,Derg_F4,Non-urban,Rural
N20002019,Derg_H2,Non-urban,Rural
N20002020,Derg_F5,Non-urban,Rural
N20002021,Derg_F6,Non-urban,Rural
N20002022,Derg_F7,Non-urban,Rural
N20002023,Derg_H3,Non-urban,Rural
N20002024,Derg_G2,Non-urban,Rural
N20002025,Derg_G3,Non-urban,Rural
N20002026,Derg_H4,Non-urban,Rural
N20002027,Derg_H5,Non-urban,Rural
N20002028,Derg_H6,Non-urban,Rural
N20002029,Erne_East_A1,Non-urban,Rural
N20002030,Erne_East_A2,Non-urban,Rural
N20002031,Erne_East_B1,Non-urban,Rural
N20002032,Erne_East_A3,Non-urban,Rural
N20002033,Erne_East_A4,Non-urban,Rural
N20002034,Erne_East_C1,Non-urban,Rural
N20002035,Erne_East_C2,Non-urban,Rural
N20002036,Erne_East_C3,Non-urban,Rural
N20002037,Erne_East_B2,Non-urban,Rural
N20002038,Erne_East_B3,Non-urban,Rural
N20002039,Erne_East_A5,Non-urban,Rural
N20002040,Erne_East_D1,Non-urban,Rural
N20002041,Erne_East_C4,Non-urban,Rural
N20002042,Erne_East_D2,Non-urban,Rural
N20002043,Erne_East_D3,Non-urban,Rural
N20002044,Erne_East_E1,Non-urban,Rural
N20002045,Erne_East_D4,Non-urban,Rural
N20002046,Erne_East_D5,Non-urban,Rural
N20002047,Erne_East_D6,Non-urban,Rural
N20002048,Erne_East_E2,Non-urban,Rural
N20002049,Erne_East_B4,Non-urban,Rural
N20002050,Erne_East_E3,Non-urban,Rural
N20002051,Erne_East_F1,Non-urban,Rural
N20002052,Erne_East_E4,Non-urban,Rural
N20002053,Erne_East_E5,Non-urban,Rural
N20002054,Erne_East_F2,Non-urban,Rural
N20002055,Erne_East_F3,Non-urban,Rural
N20002056,Erne_East_F4,Non-urban,Rural
N20002057,Erne_West_A1,Non-urban,Rural
N20002058,Erne_West_A2,Non-urban,Rural
N20002059,Erne_West_A3,Non-urban,Rural
N20002060,Erne_West_B1,Non-urban,Rural
N20002061,Erne_West_C1,Non-urban,Rural
N20002062,Erne_West_D1,Non-urban,Rural
N20002063,Erne_West_A4,Non-urban,Rural
N20002064,Erne_West_D2,Non-urban,Rural
N20002065,Erne_West_C2,Non-urban,Rural
N20002066,Erne_West_B2,Non-urban,Rural
N20002067,Erne_West_D3,Non-urban,Rural
N20002068,Erne_West_C3,Non-urban,Mixed
N20002069,Erne_West_E1,Non-urban,Rural
N20002070,Erne_West_E2,Non-urban,Rural
N20002071,Erne_West_C4,Non-urban,Rural
N20002072,Erne_West_D4,Non-urban,Rural
N20002073,Erne_West_D5,Non-urban,Rural
N20002074,Erne_West_F1,Non-urban,Rural
N20002075,Erne_West_E3,Non-urban,Rural
N20002076,Erne_West_F2,Non-urban,Rural
N20002077,Erne_West_E4,Non-urban,Rural
N20002078,Erne_West_F3,Non-urban,Rural
N20002079,Erne_West_F4,Non-urban,Rural
N20002080,Erne_West_F5,Non-urban,Rural
N20002081,Enniskillen_A1,Non-urban,Rural
N20002082,Enniskillen_A2,Non-urban,Rural
N20002083,Enniskillen_A3,Non-urban,Rural
N20002084,Enniskillen_A4,Non-urban,Rural
N20002085,Enniskillen_D1,Urban,Urban
N20002086,Enniskillen_B1,Urban,Urban
N20002087,Enniskillen_D2,Urban,Urban
N20002088,Enniskillen_F1,Urban,Urban
N20002089,Enniskillen_B2,Urban,Urban
N20002090,Enniskillen_C1,Urban,Urban
N20002091,Enniskillen_B3,Urban,Urban
N20002092,Enniskillen_C2,Urban,Urban
N20002093,Enniskillen_C3,Urban,Urban
N20002094,Enniskillen_D3,Urban,Urban
N20002095,Enniskillen_B4,Urban,Urban
N20002096,Enniskillen_E1,Urban,Urban
N20002097,Enniskillen_C4,Urban,Urban
N20002098,Enniskillen_B5,Urban,Urban
N20002099,Enniskillen_F2,Urban,Urban
N20002100,Enniskillen_G1,Non-urban,Rural
N20002101,Enniskillen_E2,Urban,Urban
N20002102,Enniskillen_F3,Urban,Urban
N20002103,Enniskillen_E3,Urban,Urban
N20002104,Enniskillen_F4,Urban,Urban
N20002105,Enniskillen_E4,Urban,Urban
N20002106,Enniskillen_D4,Urban,Urban
N20002107,Enniskillen_E5,Urban,Urban
N20002108,Enniskillen_D5,Urban,Urban
N20002109,Enniskillen_G2,Non-urban,Rural
N20002110,Enniskillen_H1,Urban,Urban
N20002111,Enniskillen_H2,Urban,Urban
N20002112,Enniskillen_H3,Urban,Urban
N20002113,Enniskillen_F5,Urban,Urban
N20002114,Enniskillen_H4,Urban,Urban
N20002115,Enniskillen_H5,Urban,Urban
N20002116,Enniskillen_H6,Urban,Urban
N20002117,Enniskillen_G3,Non-urban,Rural
N20002118,Enniskillen_G4,Non-urban,Rural
N20002119,Enniskillen_G5,Non-urban,Rural
N20002120,Enniskillen_G6,Non-urban,Rural
N20002121,Erne_North_B1,Non-urban,Rural
N20002122,Erne_North_A1,Non-urban,Rural
N20002123,Erne_North_C1,Non-urban,Rural
N20002124,Erne_North_A2,Non-urban,Rural
N20002125,Erne_North_B2,Non-urban,Rural
N20002126,Erne_North_A3,Non-urban,Rural
N20002127,Erne_North_A4,Non-urban,Rural
N20002128,Erne_North_B3,Non-urban,Rural
N20002129,Erne_North_C2,Non-urban,Rural
N20002130,Erne_North_C3,Non-urban,Rural
N20002131,Erne_North_B4,Non-urban,Rural
N20002132,Erne_North_D1,Non-urban,Rural
N20002133,Erne_North_D2,Non-urban,Rural
N20002134,Erne_North_D3,Non-urban,Rural
N20002135,Erne_North_D4,Non-urban,Rural
N20002136,Erne_North_D5,Non-urban,Rural
N20002137,Erne_North_B5,Non-urban,Rural
N20002138,Erne_North_D6,Non-urban,Rural
N20002139,Erne_North_F1,Non-urban,Rural
N20002140,Erne_North_E1,Non-urban,Rural
N20002141,Erne_North_E2,Non-urban,Rural
N20002142,Erne_North_F2,Non-urban,Rural
N20002143,Erne_North_E3,Non-urban,Rural
N20002144,Erne_North_F3,Non-urban,Rural
N20002145,Erne_North_G1,Non-urban,Rural
N20002146,Erne_North_G2,Non-urban,Rural
N20002147,Erne_North_F4,Non-urban,Rural
N20002148,Erne_North_G3,Non-urban,Rural
N20002149,Erne_North_G4,Urban,Urban
N20002150,West_Tyrone_A1,Non-urban,Rural
N20002151,West_Tyrone_A2,Non-urban,Rural
N20002152,West_Tyrone_B1,Non-urban,Rural
N20002153,West_Tyrone_A3,Non-urban,Rural
N20002154,West_Tyrone_B2,Non-urban,Rural
N20002155,West_Tyrone_B3,Non-urban,Rural
N20002156,West_Tyrone_A4,Non-urban,Rural
N20002157,West_Tyrone_C1,Non-urban,Rural
N20002158,West_Tyrone_A5,Non-urban,Rural
N20002159,West_Tyrone_C2,Non-urban,Rural
N20002160,West_Tyrone_E1,Non-urban,Rural
N20002161,West_Tyrone_C3,Non-urban,Rural
N20002162,West_Tyrone_E2,Non-urban,Rural
N20002163,West_Tyrone_E3,Non-urban,Rural
N20002164,West_Tyrone_F1,Non-urban,Rural
N20002165,West_Tyrone_C4,Non-urban,Rural
N20002166,West_Tyrone_G1,Non-urban,Rural
N20002167,West_Tyrone_G2,Non-urban,Rural
N20002168,West_Tyrone_F2,Non-urban,Rural
N20002169,West_Tyrone_G3,Non-urban,Rural
N20002170,West_Tyrone_D1,Non-urban,Rural
N20002171,West_Tyrone_D2,Non-urban,Rural
N20002172,West_Tyrone_D3,Non-urban,Rural
N20002173,West_Tyrone_F3,Non-urban,Rural
N20002174,West_Tyrone_G4,Non-urban,Rural
N20002175,West_Tyrone_E4,Non-urban,Rural
N20002176,West_Tyrone_F4,Non-urban,Rural
N20002177,West_Tyrone_C5,Non-urban,Rural
N20002178,West_Tyrone_G5,Non-urban,Rural
N20002179,West_Tyrone_G6,Non-urban,Rural
N20002180,West_Tyrone_E5,Non-urban,Rural
N20002181,Omagh_C1,Urban,Urban
N20002182,Omagh_A1,Urban,Urban
N20002183,Omagh_B1,Urban,Urban
N20002184,Omagh_B2,Urban,Urban
N20002185,Omagh_A2,Urban,Urban
N20002186,Omagh_A3,Urban,Urban
N20002187,Omagh_A4,Urban,Urban
N20002188,Omagh_C2,Urban,Urban
N20002189,Omagh_A5,Urban,Urban
N20002190,Omagh_A6,Urban,Urban
N20002191,Omagh_A7,Urban,Urban
N20002192,Omagh_D1,Urban,Urban
N20002193,Omagh_C3,Urban,Urban
N20002194,Omagh_C4,Urban,Urban
N20002195,Omagh_D2,Urban,Urban
N20002196,Omagh_E1,Urban,Urban
N20002197,Omagh_E2,Urban,Urban
N20002198,Omagh_D3,Urban,Urban
N20002199,Omagh_D4,Urban,Urban
N20002200,Omagh_E3,Urban,Urban
N20002201,Omagh_G1,Urban,Urban
N20002202,Omagh_C5,Urban,Urban
N20002203,Omagh_F1,Urban,Urban
N20002204,Omagh_F2,Urban,Urban
N20002205,Omagh_H1,Urban,Urban
N20002206,Omagh_E4,Urban,Urban
N20002207,Omagh_E5,Urban,Urban
N20002208,Omagh_H2,Urban,Urban
N20002209,Omagh_G2,Urban,Urban
N20002210,Omagh_F3,Urban,Urban
N20002211,Omagh_G3,Urban,Urban
N20002212,Omagh_H3,Urban,Urban
N20002213,Omagh_H4,Urban,Urban
N20002214,Omagh_C6,Urban,Urban
N20002215,Omagh_F4,Urban,Urban
N20002216,Omagh_H5,Urban,Urban
N20002217,Omagh_G4,Urban,Urban
N20002218,Omagh_G5,Urban,Urban
N20002219,Omagh_H6,Urban,Urban
N20002220,Omagh_G6,Urban,Urban
N20002221,Mid_Tyrone_A1,Non-urban,Rural
N20002222,Mid_Tyrone_B1,Non-urban,Rural
N20002223,Mid_Tyrone_A2,Non-urban,Rural
N20002224,Mid_Tyrone_A3,Non-urban,Rural
N20002225,Mid_Tyrone_B2,Non-urban,Rural
N20002226,Mid_Tyrone_B3,Non-urban,Rural
N20002227,Mid_Tyrone_B4,Non-urban,Rural
N20002228,Mid_Tyrone_A4,Non-urban,Rural
N20002229,Mid_Tyrone_B5,Non-urban,Rural
N20002230,Mid_Tyrone_B6,Non-urban,Rural
N20002231,Mid_Tyrone_A5,Non-urban,Rural
N20002232,Mid_Tyrone_D1,Non-urban,Rural
N20002233,Mid_Tyrone_C1,Non-urban,Mixed
N20002234,Mid_Tyrone_D2,Non-urban,Rural
N20002235,Mid_Tyrone_D3,Non-urban,Rural
N20002236,Mid_Tyrone_C2,Urban,Urban
N20002237,Mid_Tyrone_E1,Non-urban,Rural
N20002238,Mid_Tyrone_C3,Urban,Urban
N20002239,Mid_Tyrone_D4,Non-urban,Rural
N20002240,Mid_Tyrone_E2,Non-urban,Rural
N20002241,Mid_Tyrone_E3,Non-urban,Rural
N20002242,Mid_Tyrone_D5,Non-urban,Mixed
N20002243,Mid_Tyrone_E4,Non-urban,Rural
N20002244,Mid_Tyrone_G1,Non-urban,Rural
N20002245,Mid_Tyrone_F1,Non-urban,Rural
N20002246,Mid_Tyrone_F2,Non-urban,Rural
N20002247,Mid_Tyrone_G2,Non-urban,Rural
N20002248,Mid_Tyrone_E5,Non-urban,Rural
N20002249,Mid_Tyrone_F3,Non-urban,Rural
N20002250,Mid_Tyrone_G3,Non-urban,Rural
N20002251,Mid_Tyrone_G4,Non-urban,Rural
N20002252,Downshire_West_A1,Urban,Urban
N20002253,Downshire_West_A2,Urban,Urban
N20002254,Downshire_West_A3,Urban,Urban
N20002255,Downshire_West_A4,Urban,Urban
N20002256,Downshire_West_A5,Urban,Urban
N20002257,Downshire_West_A6,Urban,Urban
N20002258,Downshire_West_B1,Non-urban,Rural
N20002259,Downshire_West_B2,Non-urban,Rural
N20002260,Downshire_West_B3,Non-urban,Mixed
N20002261,Downshire_West_B4,Non-urban,Rural
N20002262,Downshire_West_C1,Non-urban,Rural
N20002263,Downshire_West_D1,Non-urban,Rural
N20002264,Downshire_West_C2,Non-urban,Rural
N20002265,Downshire_West_D2,Non-urban,Rural
N20002266,Downshire_West_C3,Non-urban,Rural
N20002267,Downshire_West_D3,Non-urban,Rural
N20002268,Downshire_West_G1,Non-urban,Rural
N20002269,Downshire_West_E1,Non-urban,Rural
N20002270,Downshire_West_D4,Non-urban,Rural
N20002271,Downshire_West_D5,Non-urban,Rural
N20002272,Downshire_West_D6,Non-urban,Rural
N20002273,Downshire_West_C4,Non-urban,Rural
N20002274,Downshire_West_E2,Non-urban,Rural
N20002275,Downshire_West_C5,Non-urban,Rural
N20002276,Downshire_West_G2,Non-urban,Rural
N20002277,Downshire_West_B5,Non-urban,Rural
N20002278,Downshire_West_F1,Non-urban,Rural
N20002279,Downshire_West_F2,Non-urban,Rural
N20002280,Downshire_West_F3,Non-urban,Rural
N20002281,Downshire_West_E3,Non-urban,Rural
N20002282,Downshire_West_F4,Non-urban,Rural
N20002283,Downshire_West_F5,Non-urban,Rural
N20002284,Downshire_West_G3,Non-urban,Rural
N20002285,Downshire_West_G4,Non-urban,Rural
N20002286,Downshire_West_G5,Non-urban,Rural
N20002287,Killultagh_B1,Non-urban,Rural
N20002288,Killultagh_A1,Non-urban,Rural
N20002289,Killultagh_B2,Non-urban,Rural
N20002290,Killultagh_A2,Non-urban,Rural
N20002291,Killultagh_A3,Non-urban,Rural
N20002292,Killultagh_A4,Non-urban,Rural
N20002293,Killultagh_C1,Non-urban,Rural
N20002294,Killultagh_C2,Non-urban,Rural
N20002295,Killultagh_C3,Non-urban,Rural
N20002296,Killultagh_B3,Non-urban,Rural
N20002297,Killultagh_B4,Non-urban,Rural
N20002298,Killultagh_C4,Non-urban,Rural
N20002299,Killultagh_C5,Non-urban,Rural
N20002300,Killultagh_F1,Non-urban,Rural
N20002301,Killultagh_G1,Non-urban,Rural
N20002302,Killultagh_G2,Non-urban,Rural
N20002303,Killultagh_F2,Non-urban,Rural
N20002304,Killultagh_F3,Non-urban,Rural
N20002305,Killultagh_D1,Urban,Urban
N20002306,Killultagh_D2,Urban,Urban
N20002307,Killultagh_D3,Urban,Urban
N20002308,Killultagh_E1,Urban,Urban
N20002309,Killultagh_E2,Urban,Urban
N20002310,Killultagh_D4,Urban,Urban
N20002311,Killultagh_G3,Non-urban,Rural
N20002312,Killultagh_E3,Urban,Urban
N20002313,Killultagh_E4,Urban,Urban
N20002314,Killultagh_E5,Urban,Urban
N20002315,Killultagh_E6,Urban,Urban
N20002316,Killultagh_E7,Urban,Urban
N20002317,Killultagh_C6,Non-urban,Rural
N20002318,Killultagh_G4,Non-urban,Rural
N20002319,Killultagh_F4,Non-urban,Rural
N20002320,Killultagh_H1,Non-urban,Rural
N20002321,Killultagh_H2,Non-urban,Rural
N20002322,Killultagh_H3,Non-urban,Rural
N20002323,Killultagh_H4,Non-urban,Rural
N20002324,Killultagh_G5,Non-urban,Rural
N20002325,Killultagh_H5,Non-urban,Rural
N20002326,Lisburn_South_A1,Urban,Urban
N20002327,Lisburn_South_A2,Urban,Urban
N20002328,Lisburn_South_A3,Urban,Urban
N20002329,Lisburn_South_B1,Urban,Urban
N20002330,Lisburn_South_C1,Urban,Urban
N20002331,Lisburn_South_C2,Urban,Urban
N20002332,Lisburn_South_B2,Urban,Urban
N20002333,Lisburn_South_C3,Urban,Urban
N20002334,Lisburn_South_B3,Urban,Urban
N20002335,Lisburn_South_B4,Urban,Urban
N20002336,Lisburn_South_E1,Urban,Urban
N20002337,Lisburn_South_C4,Urban,Urban
N20002338,Lisburn_South_C5,Urban,Urban
N20002339,Lisburn_South_C6,Urban,Urban
N20002340,Lisburn_South_D1,Urban,Urban
N20002341,Lisburn_South_D2,Urban,Urban
N20002342,Lisburn_South_G1,Urban,Urban
N20002343,Lisburn_South_C7,Urban,Urban
N20002344,Lisburn_South_E2,Urban,Urban
N20002345,Lisburn_South_D3,Urban,Urban
N20002346,Lisburn_South_F1,Urban,Urban
N20002347,Lisburn_South_D4,Urban,Urban
N20002348,Lisburn_South_D5,Urban,Urban
N20002349,Lisburn_South_E3,Urban,Urban
N20002350,Lisburn_South_F2,Urban,Urban
N20002351,Lisburn_South_G2,Urban,Urban
N20002352,Lisburn_South_F3,Urban,Urban
N20002353,Lisburn_South_E4,Urban,Urban
N20002354,Lisburn_South_H1,Urban,Urban
N20002355,Lisburn_South_H2,Urban,Urban
N20002356,Lisburn_South_J1,Urban,Urban
N20002357,Lisburn_South_H3,Urban,Urban
N20002358,Lisburn_South_E5,Urban,Urban
N20002359,Lisburn_South_H4,Urban,Urban
N20002360,Lisburn_South_E6,Urban,Urban
N20002361,Lisburn_South_G3,Urban,Urban
N20002362,Lisburn_South_H5,Urban,Urban
N20002363,Lisburn_South_H6,Urban,Urban
N20002364,Lisburn_South_G4,Urban,Urban
N20002365,Lisburn_South_K1,Urban,Urban
N20002366,Lisburn_South_J2,Urban,Urban
N20002367,Lisburn_South_G5,Urban,Urban
N20002368,Lisburn_South_K2,Urban,Urban
N20002369,Lisburn_South_G6,Urban,Urban
N20002370,Lisburn_South_K3,Urban,Urban
N20002371,Lisburn_South_K4,Urban,Urban
N20002372,Lisburn_South_J3,Urban,Urban
N20002373,Lisburn_South_J4,Urban,Urban
N20002374,Lisburn_South_K5,Urban,Urban
N20002375,Lisburn_South_K6,Urban,Urban
N20002376,Lisburn_North_A1,Urban,Urban
N20002377,Lisburn_North_B1,Non-urban,Rural
N20002378,Lisburn_North_D1,Non-urban,Mixed
N20002379,Lisburn_North_A2,Urban,Urban
N20002380,Lisburn_North_C1,Urban,Urban
N20002381,Lisburn_North_B2,Non-urban,Rural
N20002382,Lisburn_North_C2,Urban,Urban
N20002383,Lisburn_North_A3,Urban,Urban
N20002384,Lisburn_North_B3,Non-urban,Rural
N20002385,Lisburn_North_D2,Urban,Urban
N20002386,Lisburn_North_C3,Non-urban,Mixed
N20002387,Lisburn_North_C4,Urban,Urban
N20002388,Lisburn_North_C5,Urban,Urban
N20002389,Lisburn_North_D3,Urban,Urban
N20002390,Lisburn_North_E1,Urban,Urban
N20002391,Lisburn_North_E2,Urban,Urban
N20002392,Lisburn_North_E3,Urban,Urban
N20002393,Lisburn_North_F1,Urban,Urban
N20002394,Lisburn_North_F2,Urban,Urban
N20002395,Lisburn_North_E4,Urban,Urban
N20002396,Lisburn_North_F3,Urban,Urban
N20002397,Lisburn_North_F4,Urban,Urban
N20002398,Lisburn_North_F5,Urban,Urban
N20002399,Lisburn_North_G1,Urban,Urban
N20002400,Lisburn_North_F6,Urban,Urban
N20002401,Lisburn_North_H1,Urban,Urban
N20002402,Lisburn_North_F7,Urban,Urban
N20002403,Lisburn_North_D4,Non-urban,Rural
N20002404,Lisburn_North_G2,Urban,Urban
N20002405,Lisburn_North_H2,Urban,Urban
N20002406,Lisburn_North_H3,Urban,Urban
N20002407,Lisburn_North_J1,Urban,Urban
N20002408,Lisburn_North_G3,Urban,Urban
N20002409,Lisburn_North_J2,Urban,Urban
N20002410,Lisburn_North_H4,Urban,Urban
N20002411,Lisburn_North_J3,Urban,Urban
N20002412,Lisburn_North_G4,Urban,Urban
N20002413,Lisburn_North_H5,Urban,Urban
N20002414,Lisburn_North_J4,Urban,Urban
N20002415,Lisburn_North_J5,Urban,Urban
N20002416,Lisburn_North_G5,Urban,Urban
N20002417,Lisburn_North_G6,Urban,Urban
N20002418,Lisburn_North_K1,Urban,Urban
N20002419,Lisburn_North_K2,Urban,Urban
N20002420,Lisburn_North_K3,Urban,Urban
N20002421,Lisburn_North_K4,Urban,Urban
N20002422,Lisburn_North_K5,Urban,Urban
N20002423,Lisburn_North_K6,Urban,Urban
N20002424,Downshire_East_A1,Non-urban,Rural
N20002425,Downshire_East_A2,Non-urban,Rural
N20002426,Downshire_East_A3,Non-urban,Rural
N20002427,Downshire_East_A4,Non-urban,Rural
N20002428,Downshire_East_B1,Urban,Urban
N20002429,Downshire_East_B2,Urban,Urban
N20002430,Downshire_East_A5,Non-urban,Rural
N20002431,Downshire_East_B3,Urban,Urban
N20002432,Downshire_East_B4,Urban,Urban
N20002433,Downshire_East_A6,Non-urban,Rural
N20002434,Downshire_East_A7,Non-urban,Rural
N20002435,Downshire_East_C1,Urban,Urban
N20002436,Downshire_East_C2,Urban,Urban
N20002437,Downshire_East_C3,Urban,Urban
N20002438,Downshire_East_D1,Non-urban,Rural
N20002439,Downshire_East_D2,Non-urban,Rural
N20002440,Downshire_East_E1,Non-urban,Rural
N20002441,Downshire_East_E2,Non-urban,Rural
N20002442,Downshire_East_D3,Non-urban,Rural
N20002443,Downshire_East_E3,Non-urban,Rural
N20002444,Downshire_East_E4,Non-urban,Rural
N20002445,Downshire_East_D4,Non-urban,Rural
N20002446,Downshire_East_E5,Non-urban,Rural
N20002447,Downshire_East_F1,Non-urban,Rural
N20002448,Downshire_East_E6,Non-urban,Rural
N20002449,Downshire_East_F2,Non-urban,Rural
N20002450,Downshire_East_F3,Non-urban,Rural
N20002451,Downshire_East_G1,Non-urban,Rural
N20002452,Downshire_East_F4,Non-urban,Rural
N20002453,Downshire_East_G2,Non-urban,Rural
N20002454,Downshire_East_G3,Non-urban,Rural
N20002455,Downshire_East_G4,Non-urban,Rural
N20002456,Castlereagh_South_A1,Urban,Urban
N20002457,Castlereagh_South_A2,Urban,Urban
N20002458,Castlereagh_South_B1,Urban,Urban
N20002459,Castlereagh_South_A3,Urban,Urban
N20002460,Castlereagh_South_B2,Urban,Urban
N20002461,Castlereagh_South_C1,Urban,Urban
N20002462,Castlereagh_South_C2,Urban,Urban
N20002463,Castlereagh_South_A4,Urban,Urban
N20002464,Castlereagh_South_B3,Urban,Urban
N20002465,Castlereagh_South_B4,Urban,Urban
N20002466,Castlereagh_South_C3,Urban,Urban
N20002467,Castlereagh_South_B5,Urban,Urban
N20002468,Castlereagh_South_A5,Urban,Urban
N20002469,Castlereagh_South_B6,Urban,Urban
N20002470,Castlereagh_South_C4,Urban,Urban
N20002471,Castlereagh_South_B7,Urban,Urban
N20002472,Castlereagh_South_E1,Urban,Urban
N20002473,Castlereagh_South_D1,Urban,Urban
N20002474,Castlereagh_South_D2,Urban,Urban
N20002475,Castlereagh_South_D3,Urban,Urban
N20002476,Castlereagh_South_E2,Urban,Urban
N20002477,Castlereagh_South_D4,Urban,Urban
N20002478,Castlereagh_South_D5,Urban,Urban
N20002479,Castlereagh_South_E3,Urban,Urban
N20002480,Castlereagh_South_E4,Urban,Urban
N20002481,Castlereagh_South_F1,Urban,Urban
N20002482,Castlereagh_South_E5,Urban,Urban
N20002483,Castlereagh_South_E6,Non-urban,Mixed
N20002484,Castlereagh_South_F2,Non-urban,Mixed
N20002485,Castlereagh_South_J1,Urban,Urban
N20002486,Castlereagh_South_J2,Urban,Urban
N20002487,Castlereagh_South_J3,Urban,Urban
N20002488,Castlereagh_South_J4,Urban,Urban
N20002489,Castlereagh_South_G1,Urban,Urban
N20002490,Castlereagh_South_G2,Urban,Urban
N20002491,Castlereagh_South_G3,Urban,Urban
N20002492,Castlereagh_South_H1,Urban,Urban
N20002493,Castlereagh_South_H2,Urban,Urban
N20002494,Castlereagh_South_H3,Urban,Urban
N20002495,Castlereagh_South_G4,Urban,Urban
N20002496,Castlereagh_South_H4,Urban,Urban
N20002497,Castlereagh_South_H5,Urban,Urban
N20002498,Castlereagh_South_J5,Non-urban,Mixed
N20002499,Castlereagh_South_J6,Non-urban,Mixed
N20002500,Castlereagh_East_A1,Urban,Urban
N20002501,Castlereagh_East_A2,Urban,Urban
N20002502,Castlereagh_East_C1,Urban,Urban
N20002503,Castlereagh_East_C2,Urban,Urban
N20002504,Castlereagh_East_C3,Urban,Urban
N20002505,Castlereagh_East_B1,Urban,Urban
N20002506,Castlereagh_East_C4,Urban,Urban
N20002507,Castlereagh_East_C5,Urban,Urban
N20002508,Castlereagh_East_D1,Urban,Urban
N20002509,Castlereagh_East_B2,Urban,Urban
N20002510,Castlereagh_East_E1,Urban,Urban
N20002511,Castlereagh_East_A3,Urban,Urban
N20002512,Castlereagh_East_E2,Urban,Urban
N20002513,Castlereagh_East_B3,Urban,Urban
N20002514,Castlereagh_East_A4,Urban,Urban
N20002515,Castlereagh_East_B4,Urban,Urban
N20002516,Castlereagh_East_D2,Urban,Urban
N20002517,Castlereagh_East_E3,Urban,Urban
N20002518,Castlereagh_East_B5,Urban,Urban
N20002519,Castlereagh_East_D3,Urban,Urban
N20002520,Castlereagh_East_C6,Urban,Urban
N20002521,Castlereagh_East_F1,Urban,Urban
N20002522,Castlereagh_East_F2,Urban,Urban
N20002523,Castlereagh_East_F3,Urban,Urban
N20002524,Castlereagh_East_D4,Urban,Urban
N20002525,Castlereagh_East_E4,Urban,Urban
N20002526,Castlereagh_East_H1,Urban,Urban
N20002527,Castlereagh_East_F4,Urban,Urban
N20002528,Castlereagh_East_H2,Urban,Urban
N20002529,Castlereagh_East_F5,Urban,Urban
N20002530,Castlereagh_East_E5,Urban,Urban
N20002531,Castlereagh_East_G1,Urban,Urban
N20002532,Castlereagh_East_G2,Urban,Urban
N20002533,Castlereagh_East_H3,Urban,Urban
N20002534,Castlereagh_East_G3,Urban,Urban
N20002535,Castlereagh_East_H4,Urban,Urban
N20002536,Castlereagh_East_G4,Urban,Urban
N20002537,Castlereagh_East_G5,Urban,Urban
N20002538,Castlereagh_East_H5,Urban,Urban
N20002539,Castlereagh_East_H6,Urban,Urban
N20002540,Castlereagh_East_J1,Non-urban,Rural
N20002541,Castlereagh_East_J2,Non-urban,Rural
N20002542,Castlereagh_East_J3,Non-urban,Rural
N20002543,Castlereagh_East_J4,Non-urban,Rural
N20002544,Castlereagh_East_K1,Non-urban,Rural
N20002545,Castlereagh_East_K2,Non-urban,Rural
N20002546,Castlereagh_East_K3,Non-urban,Rural
N20002547,Castlereagh_East_J5,Non-urban,Rural
N20002548,Bannside_A1,Non-urban,Rural
N20002549,Bannside_A2,Non-urban,Rural
N20002550,Bannside_C1,Non-urban,Rural
N20002551,Bannside_A3,Non-urban,Rural
N20002552,Bannside_C2,Non-urban,Rural
N20002553,Bannside_C3,Non-urban,Rural
N20002554,Bannside_B1,Non-urban,Rural
N20002555,Bannside_B2,Non-urban,Rural
N20002556,Bannside_B3,Non-urban,Rural
N20002557,Bannside_B4,Non-urban,Rural
N20002558,Bannside_B5,Non-urban,Rural
N20002559,Bannside_B6,Non-urban,Rural
N20002560,Bannside_D1,Non-urban,Rural
N20002561,Bannside_D2,Non-urban,Rural
N20002562,Bannside_D3,Non-urban,Rural
N20002563,Bannside_C4,Non-urban,Rural
N20002564,Bannside_A4,Non-urban,Rural
N20002565,Bannside_E1,Urban,Urban
N20002566,Bannside_E2,Urban,Urban
N20002567,Bannside_E3,Urban,Urban
N20002568,Bannside_E4,Urban,Urban
N20002569,Bannside_E5,Urban,Urban
N20002570,Bannside_E6,Urban,Urban
N20002571,Bannside_F1,Non-urban,Rural
N20002572,Bannside_F2,Non-urban,Rural
N20002573,Bannside_E7,Urban,Urban
N20002574,Bannside_F3,Non-urban,Rural
N20002575,Bannside_F4,Non-urban,Rural
N20002576,Bannside_G1,Non-urban,Rural
N20002577,Bannside_H1,Non-urban,Rural
N20002578,Bannside_G2,Non-urban,Rural
N20002579,Bannside_G3,Non-urban,Rural
N20002580,Bannside_H2,Non-urban,Rural
N20002581,Bannside_J1,Non-urban,Rural
N20002582,Bannside_J2,Non-urban,Rural
N20002583,Bannside_H3,Non-urban,Rural
N20002584,Bannside_J3,Non-urban,Rural
N20002585,Bannside_H4,Non-urban,Rural
N20002586,Bannside_J4,Non-urban,Rural
N20002587,Ballymena_A1,Urban,Urban
N20002588,Ballymena_A2,Urban,Urban
N20002589,Ballymena_A3,Urban,Urban
N20002590,Ballymena_D1,Urban,Urban
N20002591,Ballymena_B1,Urban,Urban
N20002592,Ballymena_C1,Urban,Urban
N20002593,Ballymena_D2,Urban,Urban
N20002594,Ballymena_A4,Urban,Urban
N20002595,Ballymena_B2,Urban,Urban
N20002596,Ballymena_C2,Urban,Urban
N20002597,Ballymena_B3,Urban,Urban
N20002598,Ballymena_D3,Urban,Urban
N20002599,Ballymena_B4,Urban,Urban
N20002600,Ballymena_B5,Urban,Urban
N20002601,Ballymena_C3,Urban,Urban
N20002602,Ballymena_C4,Urban,Urban
N20002603,Ballymena_B6,Urban,Urban
N20002604,Ballymena_D4,Urban,Urban
N20002605,Ballymena_C5,Urban,Urban
N20002606,Ballymena_E1,Urban,Urban
N20002607,Ballymena_F1,Urban,Urban
N20002608,Ballymena_C6,Urban,Urban
N20002609,Ballymena_F2,Non-urban,Mixed
N20002610,Ballymena_F3,Urban,Urban
N20002611,Ballymena_E2,Urban,Urban
N20002612,Ballymena_D5,Urban,Urban
N20002613,Ballymena_E3,Urban,Urban
N20002614,Ballymena_G1,Urban,Urban
N20002615,Ballymena_E4,Urban,Urban
N20002616,Ballymena_G2,Urban,Urban
N20002617,Ballymena_G3,Urban,Urban
N20002618,Ballymena_F4,Urban,Urban
N20002619,Ballymena_H1,Urban,Urban
N20002620,Ballymena_G4,Urban,Urban
N20002621,Ballymena_F5,Urban,Urban
N20002622,Ballymena_H2,Urban,Urban
N20002623,Ballymena_F6,Urban,Urban
N20002624,Ballymena_F7,Urban,Urban
N20002625,Ballymena_J1,Urban,Urban
N20002626,Ballymena_H3,Urban,Urban
N20002627,Ballymena_J2,Urban,Urban
N20002628,Ballymena_G5,Urban,Urban
N20002629,Ballymena_J3,Urban,Urban
N20002630,Ballymena_K1,Urban,Urban
N20002631,Ballymena_H4,Urban,Urban
N20002632,Ballymena_H5,Urban,Urban
N20002633,Ballymena_K2,Urban,Urban
N20002634,Ballymena_K3,Urban,Urban
N20002635,Ballymena_K4,Urban,Urban
N20002636,Ballymena_K5,Urban,Urban
N20002637,Ballymena_K6,Urban,Urban
N20002638,Ballymena_K7,Non-urban,Mixed
N20002639,Braid_A1,Non-urban,Rural
N20002640,Braid_A2,Non-urban,Rural
N20002641,Braid_A3,Non-urban,Rural
N20002642,Braid_B1,Non-urban,Rural
N20002643,Braid_C1,Non-urban,Rural
N20002644,Braid_A4,Non-urban,Rural
N20002645,Braid_A5,Non-urban,Rural
N20002646,Braid_C2,Non-urban,Rural
N20002647,Braid_C3,Non-urban,Rural
N20002648,Braid_B2,Non-urban,Rural
N20002649,Braid_B3,Non-urban,Rural
N20002650,Braid_C4,Non-urban,Rural
N20002651,Braid_B4,Non-urban,Rural
N20002652,Braid_D1,Non-urban,Rural
N20002653,Braid_C5,Non-urban,Mixed
N20002654,Braid_E1,Non-urban,Rural
N20002655,Braid_C6,Non-urban,Mixed
N20002656,Braid_D2,Non-urban,Rural
N20002657,Braid_E2,Non-urban,Rural
N20002658,Braid_H1,Non-urban,Mixed
N20002659,Braid_D3,Non-urban,Rural
N20002660,Braid_E3,Non-urban,Rural
N20002661,Braid_E4,Non-urban,Rural
N20002662,Braid_F1,Non-urban,Rural
N20002663,Braid_H2,Non-urban,Rural
N20002664,Braid_F2,Non-urban,Rural
N20002665,Braid_G1,Urban,Urban
N20002666,Braid_G2,Urban,Urban
N20002667,Braid_J1,Urban,Urban
N20002668,Braid_F3,Non-urban,Rural
N20002669,Braid_G3,Urban,Urban
N20002670,Braid_J2,Urban,Urban
N20002671,Braid_G4,Urban,Urban
N20002672,Braid_J3,Urban,Urban
N20002673,Braid_G5,Urban,Urban
N20002674,Braid_H3,Non-urban,Rural
N20002675,Braid_H4,Non-urban,Rural
N20002676,Braid_H5,Non-urban,Rural
N20002677,Braid_F4,Non-urban,Rural
N20002678,Braid_H6,Non-urban,Rural
N20002679,Braid_F5,Non-urban,Rural
N20002680,Braid_K1,Non-urban,Rural
N20002681,Braid_K2,Non-urban,Rural
N20002682,Braid_K3,Non-urban,Rural
N20002683,Braid_K4,Non-urban,Rural
N20002684,Braid_F6,Non-urban,Rural
N20002685,Coast_Road_B1,Non-urban,Rural
N20002686,Coast_Road_A1,Non-urban,Rural
N20002687,Coast_Road_A2,Non-urban,Rural
N20002688,Coast_Road_A3,Non-urban,Rural
N20002689,Coast_Road_B2,Non-urban,Rural
N20002690,Coast_Road_B3,Non-urban,Rural
N20002691,Coast_Road_C1,Non-urban,Rural
N20002692,Coast_Road_C2,Non-urban,Rural
N20002693,Coast_Road_C3,Non-urban,Rural
N20002694,Coast_Road_C4,Non-urban,Rural
N20002695,Coast_Road_D1,Urban,Urban
N20002696,Coast_Road_D2,Urban,Urban
N20002697,Coast_Road_D3,Urban,Urban
N20002698,Coast_Road_D4,Urban,Urban
N20002699,Coast_Road_F1,Urban,Urban
N20002700,Coast_Road_F2,Urban,Urban
N20002701,Coast_Road_D5,Urban,Urban
N20002702,Coast_Road_E1,Urban,Urban
N20002703,Coast_Road_E2,Urban,Urban
N20002704,Coast_Road_E3,Urban,Urban
N20002705,Coast_Road_F3,Urban,Urban
N20002706,Coast_Road_F4,Urban,Urban
N20002707,Coast_Road_G1,Urban,Urban
N20002708,Coast_Road_E4,Urban,Urban
N20002709,Coast_Road_G2,Urban,Urban
N20002710,Coast_Road_H1,Urban,Urban
N20002711,Coast_Road_H2,Urban,Urban
N20002712,Coast_Road_H3,Urban,Urban
N20002713,Coast_Road_J1,Urban,Urban
N20002714,Coast_Road_G3,Urban,Urban
N20002715,Coast_Road_E5,Urban,Urban
N20002716,Coast_Road_F5,Urban,Urban
N20002717,Coast_Road_E6,Urban,Urban
N20002718,Coast_Road_G4,Urban,Urban
N20002719,Coast_Road_H4,Urban,Urban
N20002720,Coast_Road_J2,Urban,Urban
N20002721,Coast_Road_J3,Urban,Urban
N20002722,Coast_Road_J4,Urban,Urban
N20002723,Coast_Road_H5,Urban,Urban
N20002724,Coast_Road_J5,Urban,Urban
N20002725,Larne_Lough_A1,Urban,Urban
N20002726,Larne_Lough_A2,Urban,Urban
N20002727,Larne_Lough_B1,Urban,Urban
N20002728,Larne_Lough_A3,Urban,Urban
N20002729,Larne_Lough_B2,Urban,Urban
N20002730,Larne_Lough_C1,Urban,Urban
N20002731,Larne_Lough_C2,Urban,Urban
N20002732,Larne_Lough_B3,Urban,Urban
N20002733,Larne_Lough_C3,Urban,Urban
N20002734,Larne_Lough_B4,Urban,Urban
N20002735,Larne_Lough_B5,Urban,Urban
N20002736,Larne_Lough_B6,Urban,Urban
N20002737,Larne_Lough_C4,Urban,Urban
N20002738,Larne_Lough_C5,Urban,Urban
N20002739,Larne_Lough_E1,Non-urban,Rural
N20002740,Larne_Lough_C6,Urban,Urban
N20002741,Larne_Lough_F1,Non-urban,Rural
N20002742,Larne_Lough_D1,Non-urban,Rural
N20002743,Larne_Lough_E2,Non-urban,Rural
N20002744,Larne_Lough_D2,Non-urban,Rural
N20002745,Larne_Lough_F2,Non-urban,Rural
N20002746,Larne_Lough_D3,Non-urban,Rural
N20002747,Larne_Lough_F3,Non-urban,Rural
N20002748,Larne_Lough_F4,Non-urban,Rural
N20002749,Larne_Lough_G1,Non-urban,Rural
N20002750,Larne_Lough_G2,Non-urban,Rural
N20002751,Larne_Lough_E3,Non-urban,Rural
N20002752,Larne_Lough_G3,Non-urban,Rural
N20002753,Larne_Lough_G4,Non-urban,Rural
N20002754,Larne_Lough_H1,Non-urban,Rural
N20002755,Larne_Lough_J1,Non-urban,Rural
N20002756,Larne_Lough_H2,Non-urban,Rural
N20002757,Larne_Lough_J2,Non-urban,Rural
N20002758,Larne_Lough_F5,Non-urban,Rural
N20002759,Larne_Lough_H3,Non-urban,Rural
N20002760,Larne_Lough_H4,Non-urban,Rural
N20002761,Larne_Lough_J3,Non-urban,Rural
N20002762,Larne_Lough_J4,Non-urban,Rural
N20002763,Carrick_Castle_A1,Non-urban,Mixed
N20002764,Carrick_Castle_A2,Urban,Urban
N20002765,Carrick_Castle_A3,Urban,Urban
N20002766,Carrick_Castle_A4,Urban,Urban
N20002767,Carrick_Castle_B1,Urban,Urban
N20002768,Carrick_Castle_C1,Urban,Urban
N20002769,Carrick_Castle_A5,Urban,Urban
N20002770,Carrick_Castle_C2,Urban,Urban
N20002771,Carrick_Castle_E1,Urban,Urban
N20002772,Carrick_Castle_D1,Urban,Urban
N20002773,Carrick_Castle_D2,Urban,Urban
N20002774,Carrick_Castle_E2,Urban,Urban
N20002775,Carrick_Castle_C3,Urban,Urban
N20002776,Carrick_Castle_D3,Urban,Urban
N20002777,Carrick_Castle_E3,Urban,Urban
N20002778,Carrick_Castle_B2,Urban,Urban
N20002779,Carrick_Castle_B3,Urban,Urban
N20002780,Carrick_Castle_D4,Urban,Urban
N20002781,Carrick_Castle_D5,Urban,Urban
N20002782,Carrick_Castle_E4,Urban,Urban
N20002783,Carrick_Castle_C4,Urban,Urban
N20002784,Carrick_Castle_B4,Urban,Urban
N20002785,Carrick_Castle_F1,Urban,Urban
N20002786,Carrick_Castle_E5,Urban,Urban
N20002787,Carrick_Castle_F2,Urban,Urban
N20002788,Carrick_Castle_F3,Urban,Urban
N20002789,Carrick_Castle_F4,Urban,Urban
N20002790,Carrick_Castle_G1,Urban,Urban
N20002791,Carrick_Castle_F5,Urban,Urban
N20002792,Carrick_Castle_G2,Urban,Urban
N20002793,Carrick_Castle_G3,Urban,Urban
N20002794,Carrick_Castle_H1,Urban,Urban
N20002795,Carrick_Castle_G4,Urban,Urban
N20002796,Carrick_Castle_H2,Urban,Urban
N20002797,Carrick_Castle_H3,Urban,Urban
N20002798,Carrick_Castle_J1,Urban,Urban
N20002799,Carrick_Castle_J2,Urban,Urban
N20002800,Carrick_Castle_J3,Urban,Urban
N20002801,Carrick_Castle_J4,Urban,Urban
N20002802,Knockagh_A1,Non-urban,Rural
N20002803,Knockagh_B1,Urban,Urban
N20002804,Knockagh_B2,Urban,Urban
N20002805,Knockagh_C1,Urban,Urban
N20002806,Knockagh_C2,Urban,Urban
N20002807,Knockagh_C3,Urban,Urban
N20002808,Knockagh_B3,Urban,Urban
N20002809,Knockagh_A2,Non-urban,Rural
N20002810,Knockagh_C4,Urban,Urban
N20002811,Knockagh_D1,Urban,Urban
N20002812,Knockagh_F1,Urban,Urban
N20002813,Knockagh_D2,Urban,Urban
N20002814,Knockagh_C5,Urban,Urban
N20002815,Knockagh_D3,Urban,Urban
N20002816,Knockagh_D4,Urban,Urban
N20002817,Knockagh_E1,Urban,Urban
N20002818,Knockagh_E2,Urban,Urban
N20002819,Knockagh_F2,Urban,Urban
N20002820,Knockagh_F3,Urban,Urban
N20002821,Knockagh_E3,Urban,Urban
N20002822,Knockagh_F4,Urban,Urban
N20002823,Knockagh_F5,Urban,Urban
N20002824,Knockagh_F6,Urban,Urban
N20002825,Knockagh_G1,Urban,Urban
N20002826,Knockagh_G2,Urban,Urban
N20002827,Knockagh_G3,Urban,Urban
N20002828,Knockagh_H1,Urban,Urban
N20002829,Knockagh_H2,Urban,Urban
N20002830,Knockagh_J1,Urban,Urban
N20002831,Knockagh_H3,Urban,Urban
N20002832,Knockagh_G4,Urban,Urban
N20002833,Knockagh_H4,Urban,Urban
N20002834,Knockagh_H5,Urban,Urban
N20002835,Knockagh_J2,Urban,Urban
N20002836,Knockagh_J3,Urban,Urban
N20002837,Carntogher_B1,Non-urban,Rural
N20002838,Carntogher_A1,Non-urban,Rural
N20002839,Carntogher_B2,Non-urban,Rural
N20002840,Carntogher_A2,Non-urban,Rural
N20002841,Carntogher_D1,Non-urban,Rural
N20002842,Carntogher_B3,Non-urban,Rural
N20002843,Carntogher_A3,Non-urban,Rural
N20002844,Carntogher_B4,Non-urban,Rural
N20002845,Carntogher_B5,Non-urban,Rural
N20002846,Carntogher_A4,Non-urban,Rural
N20002847,Carntogher_D2,Non-urban,Rural
N20002848,Carntogher_C1,Non-urban,Rural
N20002849,Carntogher_C2,Non-urban,Rural
N20002850,Carntogher_E1,Non-urban,Rural
N20002851,Carntogher_E2,Non-urban,Rural
N20002852,Carntogher_E3,Non-urban,Rural
N20002853,Carntogher_C3,Non-urban,Rural
N20002854,Carntogher_F1,Non-urban,Rural
N20002855,Carntogher_F2,Non-urban,Rural
N20002856,Carntogher_E4,Non-urban,Rural
N20002857,Carntogher_F3,Non-urban,Rural
N20002858,Carntogher_F4,Non-urban,Rural
N20002859,Carntogher_C4,Non-urban,Rural
N20002860,Carntogher_D3,Non-urban,Rural
N20002861,Carntogher_C5,Non-urban,Rural
N20002862,Carntogher_D4,Non-urban,Rural
N20002863,Carntogher_D5,Non-urban,Rural
N20002864,Carntogher_D6,Non-urban,Rural
N20002865,Moyola_C1,Non-urban,Rural
N20002866,Moyola_A1,Non-urban,Rural
N20002867,Moyola_B1,Non-urban,Rural
N20002868,Moyola_C2,Non-urban,Rural
N20002869,Moyola_A2,Non-urban,Rural
N20002870,Moyola_A3,Non-urban,Rural
N20002871,Moyola_E1,Non-urban,Rural
N20002872,Moyola_B2,Non-urban,Rural
N20002873,Moyola_D1,Non-urban,Rural
N20002874,Moyola_D2,Non-urban,Rural
N20002875,Moyola_D3,Non-urban,Rural
N20002876,Moyola_E2,Non-urban,Rural
N20002877,Moyola_E3,Non-urban,Rural
N20002878,Moyola_D4,Non-urban,Rural
N20002879,Moyola_E4,Non-urban,Mixed
N20002880,Moyola_F1,Non-urban,Rural
N20002881,Moyola_F2,Non-urban,Rural
N20002882,Moyola_C3,Non-urban,Rural
N20002883,Moyola_F3,Non-urban,Rural
N20002884,Moyola_F4,Non-urban,Rural
N20002885,Moyola_G1,Non-urban,Rural
N20002886,Moyola_G2,Non-urban,Rural
N20002887,Moyola_C4,Non-urban,Rural
N20002888,Moyola_G3,Non-urban,Rural
N20002889,Moyola_H1,Non-urban,Rural
N20002890,Moyola_G4,Non-urban,Rural
N20002891,Moyola_H2,Non-urban,Mixed
N20002892,Moyola_H3,Non-urban,Rural
N20002893,Moyola_H4,Non-urban,Rural
N20002894,Magherafelt_A1,Urban,Urban
N20002895,Magherafelt_A2,Urban,Urban
N20002896,Magherafelt_C1,Urban,Urban
N20002897,Magherafelt_A3,Urban,Urban
N20002898,Magherafelt_A4,Urban,Urban
N20002899,Magherafelt_B1,Urban,Urban
N20002900,Magherafelt_C2,Urban,Urban
N20002901,Magherafelt_A5,Urban,Urban
N20002902,Magherafelt_A6,Urban,Urban
N20002903,Magherafelt_C3,Urban,Urban
N20002904,Magherafelt_B2,Urban,Urban
N20002905,Magherafelt_A7,Urban,Urban
N20002906,Magherafelt_B3,Urban,Urban
N20002907,Magherafelt_B4,Urban,Urban
N20002908,Magherafelt_B5,Urban,Urban
N20002909,Magherafelt_C4,Urban,Urban
N20002910,Magherafelt_C5,Urban,Urban
N20002911,Magherafelt_D1,Non-urban,Rural
N20002912,Magherafelt_C6,Urban,Urban
N20002913,Magherafelt_E1,Non-urban,Rural
N20002914,Magherafelt_E2,Non-urban,Rural
N20002915,Magherafelt_D2,Non-urban,Rural
N20002916,Magherafelt_G1,Non-urban,Rural
N20002917,Magherafelt_G2,Non-urban,Rural
N20002918,Magherafelt_D3,Non-urban,Rural
N20002919,Magherafelt_E3,Non-urban,Rural
N20002920,Magherafelt_D4,Non-urban,Rural
N20002921,Magherafelt_F1,Non-urban,Rural
N20002922,Magherafelt_F2,Non-urban,Rural
N20002923,Magherafelt_F3,Non-urban,Rural
N20002924,Magherafelt_F4,Non-urban,Rural
N20002925,Magherafelt_G3,Non-urban,Rural
N20002926,Magherafelt_D5,Non-urban,Rural
N20002927,Magherafelt_G4,Non-urban,Rural
N20002928,Magherafelt_E4,Non-urban,Rural
N20002929,Cookstown_A1,Non-urban,Rural
N20002930,Cookstown_A2,Non-urban,Rural
N20002931,Cookstown_A3,Non-urban,Rural
N20002932,Cookstown_B1,Urban,Urban
N20002933,Cookstown_E1,Non-urban,Rural
N20002934,Cookstown_B2,Urban,Urban
N20002935,Cookstown_B3,Urban,Urban
N20002936,Cookstown_E2,Non-urban,Rural
N20002937,Cookstown_B4,Urban,Urban
N20002938,Cookstown_C1,Urban,Urban
N20002939,Cookstown_E3,Non-urban,Rural
N20002940,Cookstown_C2,Urban,Urban
N20002941,Cookstown_D1,Urban,Urban
N20002942,Cookstown_G1,Non-urban,Rural
N20002943,Cookstown_D2,Urban,Urban
N20002944,Cookstown_A4,Non-urban,Rural
N20002945,Cookstown_C3,Urban,Urban
N20002946,Cookstown_C4,Urban,Urban
N20002947,Cookstown_C5,Urban,Urban
N20002948,Cookstown_A5,Non-urban,Rural
N20002949,Cookstown_D3,Urban,Urban
N20002950,Cookstown_C6,Urban,Urban
N20002951,Cookstown_G2,Non-urban,Rural
N20002952,Cookstown_E4,Non-urban,Rural
N20002953,Cookstown_D4,Urban,Urban
N20002954,Cookstown_B5,Urban,Urban
N20002955,Cookstown_D5,Urban,Urban
N20002956,Cookstown_F1,Urban,Urban
N20002957,Cookstown_F2,Urban,Urban
N20002958,Cookstown_B6,Urban,Urban
N20002959,Cookstown_E5,Non-urban,Rural
N20002960,Cookstown_F3,Urban,Urban
N20002961,Cookstown_H1,Urban,Urban
N20002962,Cookstown_F4,Urban,Urban
N20002963,Cookstown_H2,Urban,Urban
N20002964,Cookstown_H3,Urban,Urban
N20002965,Cookstown_H4,Urban,Urban
N20002966,Cookstown_J1,Non-urban,Rural
N20002967,Cookstown_J2,Non-urban,Rural
N20002968,Cookstown_G3,Non-urban,Rural
N20002969,Cookstown_G4,Non-urban,Rural
N20002970,Cookstown_K1,Non-urban,Rural
N20002971,Cookstown_J3,Non-urban,Rural
N20002972,Cookstown_K2,Non-urban,Rural
N20002973,Cookstown_J4,Non-urban,Rural
N20002974,Cookstown_K3,Non-urban,Rural
N20002975,Torrent_A1,Non-urban,Rural
N20002976,Torrent_A2,Non-urban,Rural
N20002977,Torrent_A3,Non-urban,Rural
N20002978,Torrent_A4,Non-urban,Rural
N20002979,Torrent_B1,Non-urban,Rural
N20002980,Torrent_A5,Non-urban,Rural
N20002981,Torrent_B2,Non-urban,Rural
N20002982,Torrent_D1,Non-urban,Rural
N20002983,Torrent_C1,Non-urban,Rural
N20002984,Torrent_D2,Non-urban,Rural
N20002985,Torrent_B3,Non-urban,Rural
N20002986,Torrent_C2,Non-urban,Rural
N20002987,Torrent_B4,Non-urban,Rural
N20002988,Torrent_B5,Non-urban,Rural
N20002989,Torrent_D3,Non-urban,Rural
N20002990,Torrent_E1,Non-urban,Rural
N20002991,Torrent_C3,Non-urban,Rural
N20002992,Torrent_E2,Non-urban,Rural
N20002993,Torrent_C4,Non-urban,Rural
N20002994,Torrent_G1,Non-urban,Rural
N20002995,Torrent_F1,Urban,Urban
N20002996,Torrent_B6,Non-urban,Rural
N20002997,Torrent_F2,Urban,Urban
N20002998,Torrent_E3,Non-urban,Rural
N20002999,Torrent_F3,Urban,Urban
N20003000,Torrent_D4,Non-urban,Rural
N20003001,Torrent_H1,Urban,Urban
N20003002,Torrent_H2,Urban,Urban
N20003003,Torrent_H3,Urban,Urban
N20003004,Torrent_G2,Non-urban,Rural
N20003005,Torrent_H4,Urban,Urban
N20003006,Torrent_F4,Urban,Urban
N20003007,Torrent_E4,Non-urban,Rural
N20003008,Torrent_H5,Urban,Urban
N20003009,Torrent_G3,Non-urban,Mixed
N20003010,Torrent_H6,Urban,Urban
N20003011,Torrent_H7,Urban,Urban
N20003012,Torrent_F5,Non-urban,Rural
N20003013,Torrent_F6,Non-urban,Mixed
N20003014,Torrent_G4,Non-urban,Rural
N20003015,Torrent_D5,Non-urban,Rural
N20003016,Torrent_D6,Non-urban,Rural
N20003017,Torrent_D7,Non-urban,Rural
N20003018,Dungannon_D1,Non-urban,Mixed
N20003019,Dungannon_G1,Non-urban,Mixed
N20003020,Dungannon_A1,Urban,Urban
N20003021,Dungannon_G2,Non-urban,Rural
N20003022,Dungannon_A2,Urban,Urban
N20003023,Dungannon_B1,Urban,Urban
N20003024,Dungannon_D2,Non-urban,Rural
N20003025,Dungannon_B2,Urban,Urban
N20003026,Dungannon_A3,Urban,Urban
N20003027,Dungannon_D3,Non-urban,Rural
N20003028,Dungannon_A4,Urban,Urban
N20003029,Dungannon_A5,Urban,Urban
N20003030,Dungannon_B3,Urban,Urban
N20003031,Dungannon_A6,Urban,Urban
N20003032,Dungannon_B4,Urban,Urban
N20003033,Dungannon_F1,Urban,Urban
N20003034,Dungannon_C1,Urban,Urban
N20003035,Dungannon_F2,Urban,Urban
N20003036,Dungannon_G3,Non-urban,Rural
N20003037,Dungannon_C2,Urban,Urban
N20003038,Dungannon_C3,Urban,Urban
N20003039,Dungannon_E1,Urban,Urban
N20003040,Dungannon_E2,Urban,Urban
N20003041,Dungannon_F3,Urban,Urban
N20003042,Dungannon_F4,Urban,Urban
N20003043,Dungannon_F5,Urban,Urban
N20003044,Dungannon_H1,Urban,Urban
N20003045,Dungannon_E3,Urban,Urban
N20003046,Dungannon_E4,Urban,Urban
N20003047,Dungannon_H2,Urban,Urban
N20003048,Dungannon_D4,Non-urban,Rural
N20003049,Dungannon_H3,Urban,Urban
N20003050,Dungannon_F6,Non-urban,Mixed
N20003051,Dungannon_H4,Urban,Urban
N20003052,Dungannon_H5,Urban,Urban
N20003053,Dungannon_H6,Urban,Urban
N20003054,Dungannon_D5,Non-urban,Rural
N20003055,Dungannon_G4,Non-urban,Rural
N20003056,Dungannon_G5,Non-urban,Rural
N20003057,Dungannon_K1,Non-urban,Rural
N20003058,Dungannon_J1,Non-urban,Rural
N20003059,Dungannon_J2,Non-urban,Rural
N20003060,Dungannon_J3,Non-urban,Rural
N20003061,Dungannon_J4,Non-urban,Rural
N20003062,Dungannon_K2,Non-urban,Rural
N20003063,Clogher_Valley_B1,Non-urban,Rural
N20003064,Clogher_Valley_A1,Non-urban,Rural
N20003065,Clogher_Valley_B2,Non-urban,Rural
N20003066,Clogher_Valley_A2,Non-urban,Rural
N20003067,Clogher_Valley_A3,Non-urban,Mixed
N20003068,Clogher_Valley_B3,Non-urban,Rural
N20003069,Clogher_Valley_A4,Non-urban,Rural
N20003070,Clogher_Valley_C1,Non-urban,Rural
N20003071,Clogher_Valley_B4,Non-urban,Rural
N20003072,Clogher_Valley_A5,Non-urban,Rural
N20003073,Clogher_Valley_D1,Non-urban,Rural
N20003074,Clogher_Valley_B5,Non-urban,Rural
N20003075,Clogher_Valley_E1,Non-urban,Rural
N20003076,Clogher_Valley_C2,Non-urban,Rural
N20003077,Clogher_Valley_E2,Non-urban,Rural
N20003078,Clogher_Valley_C3,Non-urban,Rural
N20003079,Clogher_Valley_E3,Non-urban,Rural
N20003080,Clogher_Valley_D2,Non-urban,Rural
N20003081,Clogher_Valley_D3,Non-urban,Rural
N20003082,Clogher_Valley_E4,Non-urban,Rural
N20003083,Clogher_Valley_D4,Non-urban,Rural
N20003084,Clogher_Valley_E5,Non-urban,Rural
N20003085,Clogher_Valley_F1,Non-urban,Rural
N20003086,Clogher_Valley_E6,Non-urban,Rural
N20003087,Clogher_Valley_F2,Non-urban,Rural
N20003088,Clogher_Valley_G1,Non-urban,Rural
N20003089,Clogher_Valley_D5,Non-urban,Rural
N20003090,Clogher_Valley_G2,Non-urban,Rural
N20003091,Clogher_Valley_F3,Non-urban,Rural
N20003092,Clogher_Valley_E7,Non-urban,Rural
N20003093,Clogher_Valley_F4,Non-urban,Rural
N20003094,Clogher_Valley_F5,Non-urban,Rural
N20003095,Clogher_Valley_G3,Non-urban,Rural
N20003096,Clogher_Valley_F6,Non-urban,Rural
N20003097,Clogher_Valley_H1,Non-urban,Rural
N20003098,Clogher_Valley_H2,Non-urban,Rural
N20003099,Clogher_Valley_H3,Non-urban,Rural
N20003100,Clogher_Valley_G4,Non-urban,Rural
N20003101,Slieve_Gullion_A1,Non-urban,Rural
N20003102,Slieve_Gullion_A2,Non-urban,Rural
N20003103,Slieve_Gullion_A3,Non-urban,Rural
N20003104,Slieve_Gullion_B1,Non-urban,Rural
N20003105,Slieve_Gullion_A4,Non-urban,Rural
N20003106,Slieve_Gullion_B2,Non-urban,Rural
N20003107,Slieve_Gullion_B3,Non-urban,Rural
N20003108,Slieve_Gullion_C1,Non-urban,Mixed
N20003109,Slieve_Gullion_D1,Non-urban,Rural
N20003110,Slieve_Gullion_C2,Non-urban,Mixed
N20003111,Slieve_Gullion_E1,Non-urban,Rural
N20003112,Slieve_Gullion_C3,Urban,Urban
N20003113,Slieve_Gullion_D2,Non-urban,Rural
N20003114,Slieve_Gullion_C4,Urban,Urban
N20003115,Slieve_Gullion_C5,Urban,Urban
N20003116,Slieve_Gullion_E2,Non-urban,Rural
N20003117,Slieve_Gullion_D3,Non-urban,Rural
N20003118,Slieve_Gullion_D4,Non-urban,Rural
N20003119,Slieve_Gullion_B4,Non-urban,Rural
N20003120,Slieve_Gullion_D5,Urban,Urban
N20003121,Slieve_Gullion_F1,Non-urban,Rural
N20003122,Slieve_Gullion_E3,Non-urban,Rural
N20003123,Slieve_Gullion_E4,Non-urban,Mixed
N20003124,Slieve_Gullion_E5,Non-urban,Rural
N20003125,Slieve_Gullion_H1,Non-urban,Rural
N20003126,Slieve_Gullion_F2,Non-urban,Rural
N20003127,Slieve_Gullion_G1,Non-urban,Rural
N20003128,Slieve_Gullion_G2,Non-urban,Rural
N20003129,Slieve_Gullion_F3,Non-urban,Rural
N20003130,Slieve_Gullion_F4,Non-urban,Rural
N20003131,Slieve_Gullion_H2,Non-urban,Rural
N20003132,Slieve_Gullion_K1,Non-urban,Rural
N20003133,Slieve_Gullion_G3,Non-urban,Rural
N20003134,Slieve_Gullion_J1,Non-urban,Rural
N20003135,Slieve_Gullion_L1,Non-urban,Rural
N20003136,Slieve_Gullion_J2,Non-urban,Rural
N20003137,Slieve_Gullion_K2,Non-urban,Rural
N20003138,Slieve_Gullion_F5,Non-urban,Rural
N20003139,Slieve_Gullion_L2,Non-urban,Rural
N20003140,Slieve_Gullion_H3,Non-urban,Rural
N20003141,Slieve_Gullion_G4,Non-urban,Rural
N20003142,Slieve_Gullion_J3,Non-urban,Rural
N20003143,Slieve_Gullion_J4,Non-urban,Rural
N20003144,Slieve_Gullion_K3,Non-urban,Rural
N20003145,Slieve_Gullion_L3,Non-urban,Rural
N20003146,Slieve_Gullion_N1,Non-urban,Rural
N20003147,Slieve_Gullion_N2,Non-urban,Rural
N20003148,Slieve_Gullion_K4,Non-urban,Rural
N20003149,Slieve_Gullion_L4,Non-urban,Rural
N20003150,Slieve_Gullion_N3,Non-urban,Rural
N20003151,Slieve_Gullion_K5,Non-urban,Rural
N20003152,Slieve_Gullion_H4,Non-urban,Rural
N20003153,Slieve_Gullion_H5,Non-urban,Rural
N20003154,Newry_A1,Urban,Urban
N20003155,Newry_B1,Urban,Urban
N20003156,Newry_B2,Urban,Urban
N20003157,Newry_A2,Urban,Urban
N20003158,Newry_B3,Urban,Urban
N20003159,Newry_A3,Urban,Urban
N20003160,Newry_B4,Urban,Urban
N20003161,Newry_A4,Urban,Urban
N20003162,Newry_C1,Urban,Urban
N20003163,Newry_D1,Urban,Urban
N20003164,Newry_A5,Urban,Urban
N20003165,Newry_D2,Urban,Urban
N20003166,Newry_C2,Urban,Urban
N20003167,Newry_C3,Urban,Urban
N20003168,Newry_D3,Urban,Urban
N20003169,Newry_D4,Urban,Urban
N20003170,Newry_E1,Urban,Urban
N20003171,Newry_C4,Urban,Urban
N20003172,Newry_E2,Urban,Urban
N20003173,Newry_F1,Urban,Urban
N20003174,Newry_E3,Urban,Urban
N20003175,Newry_G1,Urban,Urban
N20003176,Newry_F2,Urban,Urban
N20003177,Newry_F3,Urban,Urban
N20003178,Newry_E4,Urban,Urban
N20003179,Newry_E5,Urban,Urban
N20003180,Newry_G2,Urban,Urban
N20003181,Newry_G3,Urban,Urban
N20003182,Newry_F4,Urban,Urban
N20003183,Newry_H1,Urban,Urban
N20003184,Newry_G4,Urban,Urban
N20003185,Newry_H2,Urban,Urban
N20003186,Newry_H3,Urban,Urban
N20003187,Newry_L1,Urban,Urban
N20003188,Newry_K1,Urban,Urban
N20003189,Newry_J1,Non-urban,Mixed
N20003190,Newry_L2,Urban,Urban
N20003191,Newry_K2,Urban,Urban
N20003192,Newry_J2,Urban,Urban
N20003193,Newry_L3,Urban,Urban
N20003194,Newry_K3,Urban,Urban
N20003195,Newry_L4,Urban,Urban
N20003196,Newry_K4,Urban,Urban
N20003197,Newry_J3,Urban,Urban
N20003198,Newry_L5,Urban,Urban
N20003199,Newry_L6,Urban,Urban
N20003200,Newry_N1,Non-urban,Rural
N20003201,Newry_P1,Non-urban,Rural
N20003202,Newry_N2,Non-urban,Rural
N20003203,Newry_P2,Non-urban,Rural
N20003204,Newry_N3,Non-urban,Rural
N20003205,Newry_P3,Non-urban,Rural
N20003206,Newry_P4,Non-urban,Rural
N20003207,Crotlieve_A1,Non-urban,Rural
N20003208,Crotlieve_A2,Non-urban,Rural
N20003209,Crotlieve_A3,Non-urban,Rural
N20003210,Crotlieve_A4,Non-urban,Rural
N20003211,Crotlieve_B1,Non-urban,Rural
N20003212,Crotlieve_C1,Non-urban,Rural
N20003213,Crotlieve_A5,Non-urban,Rural
N20003214,Crotlieve_B2,Non-urban,Rural
N20003215,Crotlieve_C2,Non-urban,Mixed
N20003216,Crotlieve_B3,Non-urban,Rural
N20003217,Crotlieve_D1,Non-urban,Rural
N20003218,Crotlieve_D2,Non-urban,Rural
N20003219,Crotlieve_B4,Non-urban,Rural
N20003220,Crotlieve_D3,Non-urban,Rural
N20003221,Crotlieve_E1,Non-urban,Rural
N20003222,Crotlieve_C3,Non-urban,Rural
N20003223,Crotlieve_C4,Non-urban,Mixed
N20003224,Crotlieve_C5,Non-urban,Rural
N20003225,Crotlieve_G1,Non-urban,Rural
N20003226,Crotlieve_E2,Non-urban,Rural
N20003227,Crotlieve_F1,Non-urban,Rural
N20003228,Crotlieve_F2,Urban,Urban
N20003229,Crotlieve_F3,Non-urban,Mixed
N20003230,Crotlieve_G2,Non-urban,Rural
N20003231,Crotlieve_E3,Non-urban,Mixed
N20003232,Crotlieve_G3,Non-urban,Rural
N20003233,Crotlieve_F4,Non-urban,Mixed
N20003234,Crotlieve_G4,Urban,Urban
N20003235,Crotlieve_G5,Non-urban,Mixed
N20003236,Crotlieve_H1,Non-urban,Mixed
N20003237,Crotlieve_J1,Urban,Urban
N20003238,Crotlieve_H2,Urban,Urban
N20003239,Crotlieve_L1,Non-urban,Rural
N20003240,Crotlieve_J2,Urban,Urban
N20003241,Crotlieve_H3,Urban,Urban
N20003242,Crotlieve_K1,Urban,Urban
N20003243,Crotlieve_H4,Urban,Urban
N20003244,Crotlieve_L2,Non-urban,Rural
N20003245,Crotlieve_H5,Urban,Urban
N20003246,Crotlieve_K2,Urban,Urban
N20003247,Crotlieve_H6,Urban,Urban
N20003248,Crotlieve_K3,Urban,Urban
N20003249,Crotlieve_K4,Urban,Urban
N20003250,Crotlieve_J3,Urban,Urban
N20003251,Crotlieve_K5,Urban,Urban
N20003252,Crotlieve_L3,Non-urban,Rural
N20003253,Crotlieve_K6,Urban,Urban
N20003254,Crotlieve_L4,Non-urban,Rural
N20003255,Crotlieve_K7,Urban,Urban
N20003256,Crotlieve_L5,Non-urban,Rural
N20003257,The_Mournes_A1,Non-urban,Rural
N20003258,The_Mournes_A2,Non-urban,Rural
N20003259,The_Mournes_A3,Non-urban,Rural
N20003260,The_Mournes_A4,Non-urban,Rural
N20003261,The_Mournes_F1,Non-urban,Rural
N20003262,The_Mournes_D1,Urban,Urban
N20003263,The_Mournes_B1,Urban,Urban
N20003264,The_Mournes_C1,Urban,Urban
N20003265,The_Mournes_B2,Urban,Urban
N20003266,The_Mournes_D2,Urban,Urban
N20003267,The_Mournes_B3,Urban,Urban
N20003268,The_Mournes_C2,Urban,Urban
N20003269,The_Mournes_B4,Urban,Urban
N20003270,The_Mournes_C3,Urban,Urban
N20003271,The_Mournes_D3,Urban,Urban
N20003272,The_Mournes_E1,Urban,Urban
N20003273,The_Mournes_E2,Urban,Urban
N20003274,The_Mournes_E3,Urban,Urban
N20003275,The_Mournes_F2,Non-urban,Rural
N20003276,The_Mournes_F3,Non-urban,Rural
N20003277,The_Mournes_E4,Urban,Urban
N20003278,The_Mournes_D4,Urban,Urban
N20003279,The_Mournes_D5,Urban,Urban
N20003280,The_Mournes_F4,Non-urban,Rural
N20003281,The_Mournes_G1,Non-urban,Rural
N20003282,The_Mournes_G2,Non-urban,Rural
N20003283,The_Mournes_J1,Non-urban,Rural
N20003284,The_Mournes_H1,Non-urban,Rural
N20003285,The_Mournes_H2,Non-urban,Rural
N20003286,The_Mournes_H3,Non-urban,Rural
N20003287,The_Mournes_H4,Non-urban,Rural
N20003288,The_Mournes_G3,Non-urban,Rural
N20003289,The_Mournes_J2,Non-urban,Rural
N20003290,The_Mournes_K1,Non-urban,Rural
N20003291,The_Mournes_K2,Non-urban,Rural
N20003292,The_Mournes_G4,Non-urban,Rural
N20003293,The_Mournes_G5,Non-urban,Rural
N20003294,The_Mournes_J3,Non-urban,Rural
N20003295,The_Mournes_K3,Non-urban,Rural
N20003296,The_Mournes_J4,Non-urban,Rural
N20003297,The_Mournes_L1,Urban,Urban
N20003298,The_Mournes_L2,Urban,Urban
N20003299,The_Mournes_N1,Urban,Urban
N20003300,The_Mournes_L3,Urban,Urban
N20003301,The_Mournes_P1,Urban,Urban
N20003302,The_Mournes_N2,Urban,Urban
N20003303,The_Mournes_P2,Urban,Urban
N20003304,The_Mournes_N3,Urban,Urban
N20003305,The_Mournes_P3,Urban,Urban
N20003306,The_Mournes_P4,Urban,Urban
N20003307,The_Mournes_P5,Urban,Urban
N20003308,The_Mournes_P6,Urban,Urban
N20003309,The_Mournes_K4,Non-urban,Rural
N20003310,The_Mournes_K5,Non-urban,Rural
N20003311,Slieve_Croob_A1,Non-urban,Mixed
N20003312,Slieve_Croob_A2,Non-urban,Rural
N20003313,Slieve_Croob_D1,Non-urban,Rural
N20003314,Slieve_Croob_A3,Non-urban,Rural
N20003315,Slieve_Croob_B1,Non-urban,Rural
N20003316,Slieve_Croob_A4,Non-urban,Rural
N20003317,Slieve_Croob_A5,Non-urban,Rural
N20003318,Slieve_Croob_B2,Non-urban,Rural
N20003319,Slieve_Croob_D2,Non-urban,Rural
N20003320,Slieve_Croob_C1,Non-urban,Rural
N20003321,Slieve_Croob_D3,Non-urban,Rural
N20003322,Slieve_Croob_C2,Non-urban,Rural
N20003323,Slieve_Croob_E1,Non-urban,Rural
N20003324,Slieve_Croob_C3,Non-urban,Rural
N20003325,Slieve_Croob_C4,Non-urban,Rural
N20003326,Slieve_Croob_C5,Non-urban,Rural
N20003327,Slieve_Croob_E2,Non-urban,Rural
N20003328,Slieve_Croob_D4,Non-urban,Rural
N20003329,Slieve_Croob_F1,Non-urban,Rural
N20003330,Slieve_Croob_F2,Non-urban,Rural
N20003331,Slieve_Croob_E3,Non-urban,Rural
N20003332,Slieve_Croob_G1,Non-urban,Rural
N20003333,Slieve_Croob_G2,Non-urban,Rural
N20003334,Slieve_Croob_G3,Non-urban,Rural
N20003335,Slieve_Croob_F3,Non-urban,Rural
N20003336,Slieve_Croob_E4,Non-urban,Rural
N20003337,Slieve_Croob_G4,Non-urban,Rural
N20003338,Slieve_Croob_H1,Non-urban,Rural
N20003339,Slieve_Croob_H2,Non-urban,Rural
N20003340,Slieve_Croob_H3,Non-urban,Rural
N20003341,Slieve_Croob_J1,Non-urban,Rural
N20003342,Slieve_Croob_J2,Non-urban,Rural
N20003343,Slieve_Croob_G5,Non-urban,Rural
N20003344,Slieve_Croob_J3,Non-urban,Rural
N20003345,Slieve_Croob_J4,Non-urban,Rural
N20003346,Slieve_Croob_J5,Non-urban,Rural
N20003347,Rowallane_C1,Non-urban,Rural
N20003348,Rowallane_A1,Non-urban,Rural
N20003349,Rowallane_A2,Non-urban,Rural
N20003350,Rowallane_A3,Non-urban,Rural
N20003351,Rowallane_B1,Non-urban,Rural
N20003352,Rowallane_E1,Non-urban,Rural
N20003353,Rowallane_B2,Non-urban,Rural
N20003354,Rowallane_B3,Non-urban,Rural
N20003355,Rowallane_B4,Non-urban,Rural
N20003356,Rowallane_C2,Non-urban,Rural
N20003357,Rowallane_E2,Non-urban,Rural
N20003358,Rowallane_D1,Non-urban,Rural
N20003359,Rowallane_E3,Non-urban,Rural
N20003360,Rowallane_C3,Non-urban,Mixed
N20003361,Rowallane_E4,Non-urban,Rural
N20003362,Rowallane_C4,Non-urban,Mixed
N20003363,Rowallane_C5,Non-urban,Rural
N20003364,Rowallane_D2,Non-urban,Rural
N20003365,Rowallane_D3,Non-urban,Rural
N20003366,Rowallane_G1,Urban,Urban
N20003367,Rowallane_F1,Urban,Urban
N20003368,Rowallane_H1,Non-urban,Rural
N20003369,Rowallane_F2,Urban,Urban
N20003370,Rowallane_G2,Urban,Urban
N20003371,Rowallane_D4,Non-urban,Rural
N20003372,Rowallane_H2,Non-urban,Rural
N20003373,Rowallane_F3,Urban,Urban
N20003374,Rowallane_F4,Urban,Urban
N20003375,Rowallane_H3,Non-urban,Rural
N20003376,Rowallane_H4,Non-urban,Rural
N20003377,Rowallane_H5,Non-urban,Rural
N20003378,Rowallane_G3,Urban,Urban
N20003379,Rowallane_F5,Urban,Urban
N20003380,Rowallane_F6,Urban,Urban
N20003381,Rowallane_H6,Non-urban,Rural
N20003382,Rowallane_G4,Urban,Urban
N20003383,Rowallane_J1,Non-urban,Rural
N20003384,Rowallane_J2,Non-urban,Rural
N20003385,Rowallane_G5,Urban,Urban
N20003386,Rowallane_H7,Non-urban,Rural
N20003387,Rowallane_E5,Non-urban,Rural
N20003388,Rowallane_J3,Non-urban,Rural
N20003389,Rowallane_G6,Urban,Urban
N20003390,Rowallane_J4,Non-urban,Rural
N20003391,Downpatrick_B1,Non-urban,Rural
N20003392,Downpatrick_A1,Non-urban,Rural
N20003393,Downpatrick_A2,Non-urban,Rural
N20003394,Downpatrick_A3,Non-urban,Rural
N20003395,Downpatrick_A4,Non-urban,Rural
N20003396,Downpatrick_B2,Non-urban,Rural
N20003397,Downpatrick_C1,Urban,Urban
N20003398,Downpatrick_C2,Urban,Urban
N20003399,Downpatrick_C3,Urban,Urban
N20003400,Downpatrick_C4,Urban,Urban
N20003401,Downpatrick_C5,Urban,Urban
N20003402,Downpatrick_D1,Urban,Urban
N20003403,Downpatrick_E1,Urban,Urban
N20003404,Downpatrick_E2,Urban,Urban
N20003405,Downpatrick_D2,Urban,Urban
N20003406,Downpatrick_E3,Urban,Urban
N20003407,Downpatrick_E4,Urban,Urban
N20003408,Downpatrick_E5,Urban,Urban
N20003409,Downpatrick_D3,Urban,Urban
N20003410,Downpatrick_E6,Urban,Urban
N20003411,Downpatrick_D4,Urban,Urban
N20003412,Downpatrick_F1,Urban,Urban
N20003413,Downpatrick_G1,Urban,Urban
N20003414,Downpatrick_H1,Non-urban,Rural
N20003415,Downpatrick_F2,Urban,Urban
N20003416,Downpatrick_G2,Urban,Urban
N20003417,Downpatrick_G3,Urban,Urban
N20003418,Downpatrick_F3,Urban,Urban
N20003419,Downpatrick_G4,Urban,Urban
N20003420,Downpatrick_B3,Non-urban,Rural
N20003421,Downpatrick_F4,Urban,Urban
N20003422,Downpatrick_H2,Non-urban,Rural
N20003423,Downpatrick_H3,Non-urban,Rural
N20003424,Downpatrick_H4,Non-urban,Rural
N20003425,Downpatrick_J1,Non-urban,Rural
N20003426,Downpatrick_J2,Non-urban,Rural
N20003427,Downpatrick_J3,Non-urban,Rural
N20003428,Downpatrick_J4,Non-urban,Rural
N20003429,Downpatrick_K1,Non-urban,Rural
N20003430,Downpatrick_K2,Non-urban,Rural
N20003431,Downpatrick_K3,Non-urban,Rural
N20003432,Comber_C1,Urban,Urban
N20003433,Comber_E1,Non-urban,Rural
N20003434,Comber_C2,Urban,Urban
N20003435,Comber_C3,Urban,Urban
N20003436,Comber_C4,Urban,Urban
N20003437,Comber_A1,Urban,Urban
N20003438,Comber_C5,Urban,Urban
N20003439,Comber_C6,Urban,Urban
N20003440,Comber_B1,Urban,Urban
N20003441,Comber_B2,Urban,Urban
N20003442,Comber_A2,Urban,Urban
N20003443,Comber_A3,Urban,Urban
N20003444,Comber_B3,Urban,Urban
N20003445,Comber_B4,Urban,Urban
N20003446,Comber_D1,Urban,Urban
N20003447,Comber_C7,Urban,Urban
N20003448,Comber_A4,Urban,Urban
N20003449,Comber_B5,Urban,Urban
N20003450,Comber_B6,Urban,Urban
N20003451,Comber_D2,Urban,Urban
N20003452,Comber_D3,Urban,Urban
N20003453,Comber_D4,Urban,Urban
N20003454,Comber_D5,Urban,Urban
N20003455,Comber_D6,Urban,Urban
N20003456,Comber_E2,Non-urban,Rural
N20003457,Comber_F1,Non-urban,Rural
N20003458,Comber_F2,Non-urban,Rural
N20003459,Comber_F3,Non-urban,Rural
N20003460,Comber_F4,Non-urban,Rural
N20003461,Comber_E3,Non-urban,Rural
N20003462,Comber_G1,Non-urban,Rural
N20003463,Comber_G2,Non-urban,Rural
N20003464,Comber_G3,Non-urban,Rural
N20003465,Comber_G4,Non-urban,Rural
N20003466,Comber_G5,Non-urban,Rural
N20003467,Comber_F5,Non-urban,Rural
N20003468,Comber_G6,Non-urban,Rural
N20003469,Comber_F6,Non-urban,Rural
N20003470,Comber_H1,Non-urban,Rural
N20003471,Comber_H2,Non-urban,Rural
N20003472,Comber_H3,Non-urban,Rural
N20003473,Comber_H4,Non-urban,Rural
N20003474,Newtownards_A1,Non-urban,Mixed
N20003475,Newtownards_A2,Non-urban,Mixed
N20003476,Newtownards_A3,Urban,Urban
N20003477,Newtownards_B1,Urban,Urban
N20003478,Newtownards_A4,Urban,Urban
N20003479,Newtownards_B2,Urban,Urban
N20003480,Newtownards_B3,Urban,Urban
N20003481,Newtownards_B4,Urban,Urban
N20003482,Newtownards_C1,Urban,Urban
N20003483,Newtownards_E1,Urban,Urban
N20003484,Newtownards_D1,Urban,Urban
N20003485,Newtownards_F1,Urban,Urban
N20003486,Newtownards_F2,Urban,Urban
N20003487,Newtownards_C2,Urban,Urban
N20003488,Newtownards_D2,Urban,Urban
N20003489,Newtownards_C3,Urban,Urban
N20003490,Newtownards_E2,Urban,Urban
N20003491,Newtownards_G1,Urban,Urban
N20003492,Newtownards_D3,Urban,Urban
N20003493,Newtownards_F3,Urban,Urban
N20003494,Newtownards_E3,Urban,Urban
N20003495,Newtownards_F4,Urban,Urban
N20003496,Newtownards_C4,Urban,Urban
N20003497,Newtownards_H1,Urban,Urban
N20003498,Newtownards_G2,Urban,Urban
N20003499,Newtownards_J1,Urban,Urban
N20003500,Newtownards_L1,Urban,Urban
N20003501,Newtownards_G3,Urban,Urban
N20003502,Newtownards_K1,Urban,Urban
N20003503,Newtownards_J2,Urban,Urban
N20003504,Newtownards_J3,Urban,Urban
N20003505,Newtownards_H2,Urban,Urban
N20003506,Newtownards_K2,Urban,Urban
N20003507,Newtownards_H3,Urban,Urban
N20003508,Newtownards_N1,Urban,Urban
N20003509,Newtownards_R1,Urban,Urban
N20003510,Newtownards_J4,Urban,Urban
N20003511,Newtownards_H4,Urban,Urban
N20003512,Newtownards_R2,Urban,Urban
N20003513,Newtownards_J5,Urban,Urban
N20003514,Newtownards_G4,Urban,Urban
N20003515,Newtownards_H5,Urban,Urban
N20003516,Newtownards_L2,Urban,Urban
N20003517,Newtownards_R3,Urban,Urban
N20003518,Newtownards_L3,Urban,Urban
N20003519,Newtownards_Q1,Urban,Urban
N20003520,Newtownards_Q2,Urban,Urban
N20003521,Newtownards_P1,Urban,Urban
N20003522,Newtownards_L4,Urban,Urban
N20003523,Newtownards_N2,Non-urban,Rural
N20003524,Newtownards_P2,Urban,Urban
N20003525,Newtownards_Q3,Urban,Urban
N20003526,Newtownards_P3,Urban,Urban
N20003527,Newtownards_P4,Urban,Urban
N20003528,Newtownards_Q4,Urban,Urban
N20003529,Newtownards_R4,Urban,Urban
N20003530,Newtownards_S1,Urban,Urban
N20003531,Newtownards_S2,Urban,Urban
N20003532,Newtownards_S3,Urban,Urban
N20003533,Newtownards_S4,Urban,Urban
N20003534,Newtownards_S5,Urban,Urban
N20003535,Newtownards_N3,Non-urban,Mixed
N20003536,Newtownards_N4,Urban,Urban
N20003537,Holywood_and_Clandeboye_A1,Non-urban,Rural
N20003538,Holywood_and_Clandeboye_A2,Non-urban,Rural
N20003539,Holywood_and_Clandeboye_F1,Non-urban,Rural
N20003540,Holywood_and_Clandeboye_A3,Non-urban,Rural
N20003541,Holywood_and_Clandeboye_B1,Urban,Urban
N20003542,Holywood_and_Clandeboye_B2,Urban,Urban
N20003543,Holywood_and_Clandeboye_B3,Urban,Urban
N20003544,Holywood_and_Clandeboye_F2,Non-urban,Rural
N20003545,Holywood_and_Clandeboye_F3,Non-urban,Rural
N20003546,Holywood_and_Clandeboye_C1,Non-urban,Mixed
N20003547,Holywood_and_Clandeboye_C2,Non-urban,Rural
N20003548,Holywood_and_Clandeboye_D1,Urban,Urban
N20003549,Holywood_and_Clandeboye_D2,Urban,Urban
N20003550,Holywood_and_Clandeboye_E1,Urban,Urban
N20003551,Holywood_and_Clandeboye_D3,Urban,Urban
N20003552,Holywood_and_Clandeboye_H1,Urban,Urban
N20003553,Holywood_and_Clandeboye_E2,Urban,Urban
N20003554,Holywood_and_Clandeboye_G1,Urban,Urban
N20003555,Holywood_and_Clandeboye_E3,Urban,Urban
N20003556,Holywood_and_Clandeboye_G2,Urban,Urban
N20003557,Holywood_and_Clandeboye_G3,Urban,Urban
N20003558,Holywood_and_Clandeboye_H2,Urban,Urban
N20003559,Holywood_and_Clandeboye_K1,Urban,Urban
N20003560,Holywood_and_Clandeboye_K2,Urban,Urban
N20003561,Holywood_and_Clandeboye_H3,Urban,Urban
N20003562,Holywood_and_Clandeboye_J1,Urban,Urban
N20003563,Holywood_and_Clandeboye_H4,Urban,Urban
N20003564,Holywood_and_Clandeboye_H5,Urban,Urban
N20003565,Holywood_and_Clandeboye_K3,Urban,Urban
N20003566,Holywood_and_Clandeboye_H6,Urban,Urban
N20003567,Holywood_and_Clandeboye_K4,Urban,Urban
N20003568,Holywood_and_Clandeboye_J2,Urban,Urban
N20003569,Holywood_and_Clandeboye_F4,Non-urban,Rural
N20003570,Holywood_and_Clandeboye_L1,Urban,Urban
N20003571,Holywood_and_Clandeboye_L2,Urban,Urban
N20003572,Holywood_and_Clandeboye_J3,Urban,Urban
N20003573,Holywood_and_Clandeboye_L3,Urban,Urban
N20003574,Holywood_and_Clandeboye_L4,Urban,Urban
N20003575,Holywood_and_Clandeboye_K5,Urban,Urban
N20003576,Holywood_and_Clandeboye_L5,Urban,Urban
N20003577,Holywood_and_Clandeboye_L6,Urban,Urban
N20003578,Bangor_West_A1,Urban,Urban
N20003579,Bangor_West_A2,Urban,Urban
N20003580,Bangor_West_A3,Urban,Urban
N20003581,Bangor_West_A4,Urban,Urban
N20003582,Bangor_West_C1,Urban,Urban
N20003583,Bangor_West_A5,Urban,Urban
N20003584,Bangor_West_A6,Urban,Urban
N20003585,Bangor_West_B1,Urban,Urban
N20003586,Bangor_West_D1,Urban,Urban
N20003587,Bangor_West_B2,Urban,Urban
N20003588,Bangor_West_B3,Urban,Urban
N20003589,Bangor_West_C2,Urban,Urban
N20003590,Bangor_West_D2,Urban,Urban
N20003591,Bangor_West_E1,Urban,Urban
N20003592,Bangor_West_F1,Urban,Urban
N20003593,Bangor_West_D3,Urban,Urban
N20003594,Bangor_West_E2,Urban,Urban
N20003595,Bangor_West_C3,Urban,Urban
N20003596,Bangor_West_F2,Urban,Urban
N20003597,Bangor_West_D4,Urban,Urban
N20003598,Bangor_West_C4,Urban,Urban
N20003599,Bangor_West_F3,Urban,Urban
N20003600,Bangor_West_E3,Urban,Urban
N20003601,Bangor_West_G1,Urban,Urban
N20003602,Bangor_West_D5,Urban,Urban
N20003603,Bangor_West_G2,Urban,Urban
N20003604,Bangor_West_E4,Urban,Urban
N20003605,Bangor_West_F4,Urban,Urban
N20003606,Bangor_West_E5,Urban,Urban
N20003607,Bangor_West_H1,Urban,Urban
N20003608,Bangor_West_H2,Urban,Urban
N20003609,Bangor_West_H3,Urban,Urban
N20003610,Bangor_West_G3,Urban,Urban
N20003611,Bangor_West_J1,Urban,Urban
N20003612,Bangor_West_E6,Urban,Urban
N20003613,Bangor_West_J2,Urban,Urban
N20003614,Bangor_West_G4,Urban,Urban
N20003615,Bangor_West_G5,Urban,Urban
N20003616,Bangor_West_H4,Urban,Urban
N20003617,Bangor_West_H5,Urban,Urban
N20003618,Bangor_West_H6,Urban,Urban
N20003619,Bangor_West_J3,Urban,Urban
N20003620,Bangor_West_J4,Urban,Urban
N20003621,Bangor_Central_A1,Urban,Urban
N20003622,Bangor_Central_B1,Urban,Urban
N20003623,Bangor_Central_A2,Urban,Urban
N20003624,Bangor_Central_A3,Urban,Urban
N20003625,Bangor_Central_B2,Urban,Urban
N20003626,Bangor_Central_D1,Urban,Urban
N20003627,Bangor_Central_E1,Urban,Urban
N20003628,Bangor_Central_C1,Urban,Urban
N20003629,Bangor_Central_E2,Urban,Urban
N20003630,Bangor_Central_D2,Urban,Urban
N20003631,Bangor_Central_F1,Urban,Urban
N20003632,Bangor_Central_C2,Urban,Urban
N20003633,Bangor_Central_F2,Urban,Urban
N20003634,Bangor_Central_E3,Urban,Urban
N20003635,Bangor_Central_B3,Urban,Urban
N20003636,Bangor_Central_F3,Urban,Urban
N20003637,Bangor_Central_B4,Urban,Urban
N20003638,Bangor_Central_E4,Urban,Urban
N20003639,Bangor_Central_D3,Urban,Urban
N20003640,Bangor_Central_C3,Urban,Urban
N20003641,Bangor_Central_E5,Urban,Urban
N20003642,Bangor_Central_C4,Urban,Urban
N20003643,Bangor_Central_B5,Urban,Urban
N20003644,Bangor_Central_F4,Urban,Urban
N20003645,Bangor_Central_G1,Urban,Urban
N20003646,Bangor_Central_G2,Urban,Urban
N20003647,Bangor_Central_G3,Urban,Urban
N20003648,Bangor_Central_H1,Urban,Urban
N20003649,Bangor_Central_H2,Urban,Urban
N20003650,Bangor_Central_J1,Urban,Urban
N20003651,Bangor_Central_K1,Urban,Urban
N20003652,Bangor_Central_J2,Urban,Urban
N20003653,Bangor_Central_K2,Urban,Urban
N20003654,Bangor_Central_H3,Urban,Urban
N20003655,Bangor_Central_J3,Urban,Urban
N20003656,Bangor_Central_K3,Urban,Urban
N20003657,Bangor_Central_K4,Urban,Urban
N20003658,Bangor_Central_J4,Urban,Urban
N20003659,Bangor_Central_L1,Urban,Urban
N20003660,Bangor_Central_K5,Urban,Urban
N20003661,Bangor_Central_P1,Urban,Urban
N20003662,Bangor_Central_L2,Urban,Urban
N20003663,Bangor_Central_N1,Urban,Urban
N20003664,Bangor_Central_L3,Urban,Urban
N20003665,Bangor_Central_L4,Urban,Urban
N20003666,Bangor_Central_N2,Urban,Urban
N20003667,Bangor_Central_P2,Urban,Urban
N20003668,Bangor_Central_L5,Urban,Urban
N20003669,Bangor_Central_P3,Urban,Urban
N20003670,Bangor_Central_N3,Urban,Urban
N20003671,Bangor_Central_N4,Urban,Urban
N20003672,Bangor_Central_P4,Non-urban,Mixed
N20003673,Bangor_Central_Q1,Urban,Urban
N20003674,Bangor_Central_Q2,Urban,Urban
N20003675,Bangor_Central_P5,Urban,Urban
N20003676,Bangor_Central_Q3,Urban,Urban
N20003677,Bangor_Central_Q4,Urban,Urban
N20003678,Bangor_Central_Q5,Non-urban,Mixed
N20003679,Bangor_East_and_Donaghadee_E1,Non-urban,Rural
N20003680,Bangor_East_and_Donaghadee_A1,Non-urban,Rural
N20003681,Bangor_East_and_Donaghadee_A2,Non-urban,Rural
N20003682,Bangor_East_and_Donaghadee_A3,Non-urban,Rural
N20003683,Bangor_East_and_Donaghadee_B1,Urban,Urban
N20003684,Bangor_East_and_Donaghadee_B2,Urban,Urban
N20003685,Bangor_East_and_Donaghadee_E2,Non-urban,Rural
N20003686,Bangor_East_and_Donaghadee_B3,Urban,Urban
N20003687,Bangor_East_and_Donaghadee_B4,Urban,Urban
N20003688,Bangor_East_and_Donaghadee_C1,Urban,Urban
N20003689,Bangor_East_and_Donaghadee_B5,Urban,Urban
N20003690,Bangor_East_and_Donaghadee_B6,Urban,Urban
N20003691,Bangor_East_and_Donaghadee_B7,Urban,Urban
N20003692,Bangor_East_and_Donaghadee_D1,Urban,Urban
N20003693,Bangor_East_and_Donaghadee_C2,Urban,Urban
N20003694,Bangor_East_and_Donaghadee_D2,Urban,Urban
N20003695,Bangor_East_and_Donaghadee_D3,Urban,Urban
N20003696,Bangor_East_and_Donaghadee_F1,Urban,Urban
N20003697,Bangor_East_and_Donaghadee_F2,Urban,Urban
N20003698,Bangor_East_and_Donaghadee_G1,Urban,Urban
N20003699,Bangor_East_and_Donaghadee_G2,Urban,Urban
N20003700,Bangor_East_and_Donaghadee_C3,Urban,Urban
N20003701,Bangor_East_and_Donaghadee_F3,Urban,Urban
N20003702,Bangor_East_and_Donaghadee_F4,Urban,Urban
N20003703,Bangor_East_and_Donaghadee_G3,Urban,Urban
N20003704,Bangor_East_and_Donaghadee_C4,Urban,Urban
N20003705,Bangor_East_and_Donaghadee_G4,Urban,Urban
N20003706,Bangor_East_and_Donaghadee_F5,Urban,Urban
N20003707,Bangor_East_and_Donaghadee_J1,Urban,Urban
N20003708,Bangor_East_and_Donaghadee_G5,Urban,Urban
N20003709,Bangor_East_and_Donaghadee_G6,Urban,Urban
N20003710,Bangor_East_and_Donaghadee_H1,Urban,Urban
N20003711,Bangor_East_and_Donaghadee_J2,Urban,Urban
N20003712,Bangor_East_and_Donaghadee_H2,Urban,Urban
N20003713,Bangor_East_and_Donaghadee_J3,Urban,Urban
N20003714,Bangor_East_and_Donaghadee_H3,Urban,Urban
N20003715,Bangor_East_and_Donaghadee_J4,Urban,Urban
N20003716,Bangor_East_and_Donaghadee_H4,Urban,Urban
N20003717,Bangor_East_and_Donaghadee_H5,Urban,Urban
N20003718,Bangor_East_and_Donaghadee_J5,Urban,Urban
N20003719,Bangor_East_and_Donaghadee_H6,Urban,Urban
N20003720,Bangor_East_and_Donaghadee_J6,Urban,Urban
N20003721,Bangor_East_and_Donaghadee_E3,Non-urban,Rural
N20003722,Bangor_East_and_Donaghadee_K1,Urban,Urban
N20003723,Bangor_East_and_Donaghadee_J7,Urban,Urban
N20003724,Bangor_East_and_Donaghadee_K2,Urban,Urban
N20003725,Bangor_East_and_Donaghadee_K3,Urban,Urban
N20003726,Bangor_East_and_Donaghadee_E4,Non-urban,Rural
N20003727,Bangor_East_and_Donaghadee_K4,Urban,Urban
N20003728,Bangor_East_and_Donaghadee_K5,Urban,Urban
N20003729,Bangor_East_and_Donaghadee_K6,Urban,Urban
N20003730,Ards_Peninsula_C1,Non-urban,Rural
N20003731,Ards_Peninsula_C2,Non-urban,Rural
N20003732,Ards_Peninsula_A1,Non-urban,Rural
N20003733,Ards_Peninsula_A2,Non-urban,Rural
N20003734,Ards_Peninsula_A3,Non-urban,Rural
N20003735,Ards_Peninsula_A4,Non-urban,Rural
N20003736,Ards_Peninsula_A5,Non-urban,Rural
N20003737,Ards_Peninsula_C3,Non-urban,Rural
N20003738,Ards_Peninsula_B1,Urban,Urban
N20003739,Ards_Peninsula_B2,Urban,Urban
N20003740,Ards_Peninsula_C4,Non-urban,Rural
N20003741,Ards_Peninsula_D1,Non-urban,Rural
N20003742,Ards_Peninsula_D2,Non-urban,Rural
N20003743,Ards_Peninsula_C5,Non-urban,Rural
N20003744,Ards_Peninsula_D3,Non-urban,Rural
N20003745,Ards_Peninsula_D4,Non-urban,Rural
N20003746,Ards_Peninsula_D5,Non-urban,Rural
N20003747,Ards_Peninsula_D6,Non-urban,Rural
N20003748,Ards_Peninsula_E1,Non-urban,Rural
N20003749,Ards_Peninsula_E2,Non-urban,Rural
N20003750,Ards_Peninsula_E3,Non-urban,Rural
N20003751,Ards_Peninsula_E4,Non-urban,Rural
N20003752,Ards_Peninsula_D7,Non-urban,Rural
N20003753,Ards_Peninsula_E5,Non-urban,Rural
N20003754,Ards_Peninsula_F1,Non-urban,Rural
N20003755,Ards_Peninsula_F2,Non-urban,Rural
N20003756,Ards_Peninsula_F3,Non-urban,Rural
N20003757,Ards_Peninsula_G1,Non-urban,Rural
N20003758,Ards_Peninsula_G2,Non-urban,Rural
N20003759,Ards_Peninsula_F4,Non-urban,Rural
N20003760,Ards_Peninsula_H1,Non-urban,Rural
N20003761,Ards_Peninsula_H2,Non-urban,Rural
N20003762,Ards_Peninsula_J1,Non-urban,Rural
N20003763,Ards_Peninsula_H3,Non-urban,Rural
N20003764,Ards_Peninsula_J2,Non-urban,Rural
N20003765,Ards_Peninsula_J3,Non-urban,Rural
N20003766,Ards_Peninsula_J4,Non-urban,Rural
N20003767,Ards_Peninsula_H4,Non-urban,Rural
N20003768,Ards_Peninsula_J5,Non-urban,Rural
N20003769,Ards_Peninsula_K1,Non-urban,Rural
N20003770,Ards_Peninsula_K2,Non-urban,Rural
N20003771,Ards_Peninsula_L1,Non-urban,Rural
N20003772,Ards_Peninsula_K3,Non-urban,Rural
N20003773,Ards_Peninsula_L2,Non-urban,Rural
N20003774,Ards_Peninsula_L3,Non-urban,Rural
N20003775,Ards_Peninsula_N1,Non-urban,Rural
N20003776,Ards_Peninsula_N2,Non-urban,Rural
N20003777,Ards_Peninsula_N3,Non-urban,Rural
N20003778,Ards_Peninsula_N4,Non-urban,Rural
N20003779,Ards_Peninsula_N5,Non-urban,Rural
N20003780,Ards_Peninsula_L4,Non-urban,Rural
